ID,land area in square miles
AL - Autauga County,594
AL - Baldwin County,1590
AL - Barbour County,885
AL - Bibb County,623
AL - Blount County,645
AL - Bullock County,623
AL - Butler County,777
AL - Calhoun County,606
AL - Chambers County,597
AL - Cherokee County,554
AL - Chilton County,693
AL - Choctaw County,914
AL - Clarke County,1238
AL - Clay County,604
AL - Cleburne County,560
AL - Coffee County,679
AL - Colbert County,593
AL - Conecuh County,850
AL - Coosa County,651
AL - Covington County,1030
AL - Crenshaw County,609
AL - Cullman County,735
AL - Dale County,561
AL - Dallas County,979
AL - DeKalb County,777
AL - Elmore County,618
AL - Escambia County,945
AL - Etowah County,535
AL - Fayette County,628
AL - Franklin County,634
AL - Geneva County,574
AL - Greene County,647
AL - Hale County,644
AL - Henry County,562
AL - Houston County,580
AL - Jackson County,1078
AL - Jefferson County,1111
AL - Lamar County,605
AL - Lauderdale County,668
AL - Lawrence County,691
AL - Lee County,608
AL - Limestone County,560
AL - Lowndes County,716
AL - Macon County,609
AL - Madison County,802
AL - Marengo County,977
AL - Marion County,742
AL - Marshall County,566
AL - Mobile County,1229
AL - Monroe County,1026
AL - Montgomery County,784
AL - Morgan County,579
AL - Perry County,720
AL - Pickens County,881
AL - Pike County,672
AL - Randolph County,581
AL - Russell County,641
AL - St. Clair County,632
AL - Shelby County,785
AL - Sumter County,904
AL - Talladega County,737
AL - Tallapoosa County,717
AL - Tuscaloosa County,1322
AL - Walker County,791
AL - Washington County,1080
AL - Wilcox County,889
AL - Winston County,613
AK - Aleutians East County,6982
AK - Aleutians West County,4390
AK - Anchorage County,1705
AK - Bethel County,40570
AK - Bristol Bay County,504
AK - Denali County,12751
AK - Dillingham County,18569
AK - Fairbanks North Star County,7338
AK - Haines County,2319
AK - Hoonah-Angoon County,7525
AK - Juneau County,2702
AK - Kenai Peninsula County,16075
AK - Ketchikan Gateway County,4858
AK - Kodiak Island County,6550
AK - Lake and Peninsula County,23652
AK - Matanuska-Susitna County,24608
AK - Nome County,22962
AK - North Slope County,88695
AK - Northwest Arctic County,35573
AK - Petersburg County,3282
AK - Prince of Wales-Hyder County,3923
AK - Sitka County,2870
AK - Skagway County,452
AK - Southeast Fairbanks County,24769
AK - Valdez-Cordova County,34240
AK - Wade Hampton County,17081
AK - Wrangell County,2541
AK - Yakutat County,7649
AK - Yukon-Koyukuk County,145505
AZ - Apache County,11198
AZ - Cochise County,6166
AZ - Coconino County,18619
AZ - Gila County,4758
AZ - Graham County,4623
AZ - Greenlee County,1843
AZ - La Paz County,4500
AZ - Maricopa County,9200
AZ - Mohave County,13311
AZ - Navajo County,9950
AZ - Pima County,9187
AZ - Pinal County,5366
AZ - Santa Cruz County,1237
AZ - Yavapai County,8124
AZ - Yuma County,5514
AR - Arkansas County,989
AR - Ashley County,925
AR - Baxter County,554
AR - Benton County,847
AR - Boone County,590
AR - Bradley County,649
AR - Calhoun County,629
AR - Carroll County,630
AR - Chicot County,644
AR - Clark County,866
AR - Clay County,639
AR - Cleburne County,554
AR - Cleveland County,598
AR - Columbia County,766
AR - Conway County,552
AR - Craighead County,707
AR - Crawford County,593
AR - Crittenden County,610
AR - Cross County,616
AR - Dallas County,667
AR - Desha County,768
AR - Drew County,828
AR - Faulkner County,648
AR - Franklin County,609
AR - Fulton County,618
AR - Garland County,678
AR - Grant County,632
AR - Greene County,578
AR - Hempstead County,728
AR - Hot Spring County,615
AR - Howard County,589
AR - Independence County,764
AR - Izard County,581
AR - Jackson County,634
AR - Jefferson County,871
AR - Johnson County,660
AR - Lafayette County,528
AR - Lawrence County,588
AR - Lee County,603
AR - Lincoln County,562
AR - Little River County,532
AR - Logan County,708
AR - Lonoke County,771
AR - Madison County,834
AR - Marion County,597
AR - Miller County,626
AR - Mississippi County,901
AR - Monroe County,607
AR - Montgomery County,780
AR - Nevada County,618
AR - Newton County,821
AR - Ouachita County,733
AR - Perry County,551
AR - Phillips County,696
AR - Pike County,601
AR - Poinsett County,758
AR - Polk County,858
AR - Pope County,813
AR - Prairie County,648
AR - Pulaski County,760
AR - Randolph County,652
AR - St. Francis County,635
AR - Saline County,724
AR - Scott County,892
AR - Searcy County,666
AR - Sebastian County,532
AR - Sevier County,565
AR - Sharp County,604
AR - Stone County,606
AR - Union County,1039
AR - Van Buren County,708
AR - Washington County,942
AR - White County,1035
AR - Woodruff County,587
AR - Yell County,930
CA - Alameda County,739
CA - Alpine County,738
CA - Amador County,595
CA - Butte County,1636
CA - Calaveras County,1020
CA - Colusa County,1151
CA - Contra Costa County,716
CA - Del Norte County,1006
CA - El Dorado County,1708
CA - Fresno County,5958
CA - Glenn County,1314
CA - Humboldt County,3568
CA - Imperial County,4177
CA - Inyo County,10181
CA - Kern County,8132
CA - Kings County,1389
CA - Lake County,1256
CA - Lassen County,4541
CA - Los Angeles County,4058
CA - Madera County,2137
CA - Marin County,520
CA - Mariposa County,1449
CA - Mendocino County,3506
CA - Merced County,1935
CA - Modoc County,3918
CA - Mono County,3049
CA - Monterey County,3281
CA - Napa County,748
CA - Nevada County,958
CA - Orange County,791
CA - Placer County,1407
CA - Plumas County,2553
CA - Riverside County,7206
CA - Sacramento County,965
CA - San Benito County,1389
CA - San Bernardino County,20057
CA - San Diego County,4207
CA - San Francisco County,47
CA - San Joaquin County,1391
CA - San Luis Obispo County,3299
CA - San Mateo County,448
CA - Santa Barbara County,2735
CA - Santa Clara County,1290
CA - Santa Cruz County,445
CA - Shasta County,3775
CA - Sierra County,953
CA - Siskiyou County,6278
CA - Solano County,822
CA - Sonoma County,1576
CA - Stanislaus County,1495
CA - Sutter County,602
CA - Tehama County,2950
CA - Trinity County,3179
CA - Tulare County,4824
CA - Tuolumne County,2221
CA - Ventura County,1843
CA - Yolo County,1015
CA - Yuba County,632
CO - Adams County,1168
CO - Alamosa County,723
CO - Arapahoe County,798
CO - Archuleta County,1350
CO - Baca County,2555
CO - Bent County,1513
CO - Boulder County,726
CO - Broomfield County,33
CO - Chaffee County,1013
CO - Cheyenne County,1778
CO - Clear Creek County,395
CO - Conejos County,1287
CO - Costilla County,1227
CO - Crowley County,787
CO - Custer County,739
CO - Delta County,1142
CO - Denver County,153
CO - Dolores County,1067
CO - Douglas County,840
CO - Eagle County,1685
CO - Elbert County,1851
CO - El Paso County,2127
CO - Fremont County,1533
CO - Garfield County,2948
CO - Gilpin County,150
CO - Grand County,1846
CO - Gunnison County,3239
CO - Hinsdale County,1117
CO - Huerfano County,1591
CO - Jackson County,1614
CO - Jefferson County,764
CO - Kiowa County,1768
CO - Kit Carson County,2161
CO - Lake County,377
CO - La Plata County,1692
CO - Larimer County,2596
CO - Las Animas County,4773
CO - Lincoln County,2578
CO - Logan County,1839
CO - Mesa County,3329
CO - Mineral County,876
CO - Moffat County,4743
CO - Montezuma County,2030
CO - Montrose County,2241
CO - Morgan County,1280
CO - Otero County,1262
CO - Ouray County,542
CO - Park County,2194
CO - Phillips County,688
CO - Pitkin County,971
CO - Prowers County,1638
CO - Pueblo County,2386
CO - Rio Blanco County,3221
CO - Rio Grande County,912
CO - Routt County,2362
CO - Saguache County,3169
CO - San Juan County,387
CO - San Miguel County,1287
CO - Sedgwick County,548
CO - Summit County,608
CO - Teller County,557
CO - Washington County,2518
CO - Weld County,3987
CO - Yuma County,2364
CT - Fairfield County,625
CT - Hartford County,735
CT - Litchfield County,921
CT - Middlesex County,369
CT - New Haven County,605
CT - New London County,665
CT - Tolland County,410
CT - Windham County,513
DE - Kent County,586
DE - New Castle County,426
DE - Sussex County,936
FL - Alachua County,875
FL - Baker County,585
FL - Bay County,758
FL - Bradford County,294
FL - Brevard County,1016
FL - Broward County,1210
FL - Calhoun County,567
FL - Charlotte County,680
FL - Citrus County,582
FL - Clay County,604
FL - Collier County,1998
FL - Columbia County,798
FL - DeSoto County,637
FL - Dixie County,705
FL - Duval County,762
FL - Escambia County,656
FL - Flagler County,485
FL - Franklin County,535
FL - Gadsden County,516
FL - Gilchrist County,350
FL - Glades County,806
FL - Gulf County,564
FL - Hamilton County,514
FL - Hardee County,638
FL - Hendry County,1153
FL - Hernando County,473
FL - Highlands County,1017
FL - Hillsborough County,1020
FL - Holmes County,479
FL - Indian River County,503
FL - Jackson County,918
FL - Jefferson County,598
FL - Lafayette County,543
FL - Lake County,938
FL - Lee County,785
FL - Leon County,667
FL - Levy County,1118
FL - Liberty County,836
FL - Madison County,696
FL - Manatee County,743
FL - Marion County,1585
FL - Martin County,543
FL - Miami-Dade County,1898
FL - Monroe County,983
FL - Nassau County,649
FL - Okaloosa County,930
FL - Okeechobee County,769
FL - Orange County,903
FL - Osceola County,1327
FL - Palm Beach County,1970
FL - Pasco County,747
FL - Pinellas County,274
FL - Polk County,1798
FL - Putnam County,728
FL - St. Johns County,601
FL - St. Lucie County,572
FL - Santa Rosa County,1012
FL - Sarasota County,556
FL - Seminole County,309
FL - Sumter County,547
FL - Suwannee County,689
FL - Taylor County,1043
FL - Union County,244
FL - Volusia County,1101
FL - Wakulla County,606
FL - Walton County,1038
FL - Washington County,583
GA - Appling County,507
GA - Atkinson County,339
GA - Bacon County,259
GA - Baker County,342
GA - Baldwin County,258
GA - Banks County,232
GA - Barrow County,160
GA - Bartow County,460
GA - Ben Hill County,250
GA - Berrien County,452
GA - Bibb County,250
GA - Bleckley County,216
GA - Brantley County,442
GA - Brooks County,493
GA - Bryan County,436
GA - Bulloch County,673
GA - Burke County,827
GA - Butts County,184
GA - Calhoun County,280
GA - Camden County,613
GA - Candler County,243
GA - Carroll County,499
GA - Catoosa County,162
GA - Charlton County,774
GA - Chatham County,426
GA - Chattahoochee County,249
GA - Chattooga County,313
GA - Cherokee County,422
GA - Clarke County,119
GA - Clay County,195
GA - Clayton County,142
GA - Clinch County,800
GA - Cobb County,340
GA - Coffee County,575
GA - Colquitt County,544
GA - Columbia County,290
GA - Cook County,227
GA - Coweta County,441
GA - Crawford County,325
GA - Crisp County,273
GA - Dade County,174
GA - Dawson County,211
GA - Decatur County,597
GA - DeKalb County,268
GA - Dodge County,496
GA - Dooly County,392
GA - Dougherty County,329
GA - Douglas County,200
GA - Early County,513
GA - Echols County,415
GA - Effingham County,478
GA - Elbert County,351
GA - Emanuel County,681
GA - Evans County,183
GA - Fannin County,387
GA - Fayette County,194
GA - Floyd County,510
GA - Forsyth County,224
GA - Franklin County,262
GA - Fulton County,527
GA - Gilmer County,427
GA - Glascock County,144
GA - Glynn County,420
GA - Gordon County,356
GA - Grady County,455
GA - Greene County,387
GA - Gwinnett County,430
GA - Habersham County,277
GA - Hall County,393
GA - Hancock County,472
GA - Haralson County,282
GA - Harris County,464
GA - Hart County,232
GA - Heard County,296
GA - Henry County,322
GA - Houston County,376
GA - Irwin County,354
GA - Jackson County,340
GA - Jasper County,368
GA - Jeff Davis County,331
GA - Jefferson County,526
GA - Jenkins County,347
GA - Johnson County,303
GA - Jones County,394
GA - Lamar County,184
GA - Lanier County,185
GA - Laurens County,807
GA - Lee County,356
GA - Liberty County,490
GA - Lincoln County,210
GA - Long County,400
GA - Lowndes County,496
GA - Lumpkin County,283
GA - McDuffie County,257
GA - McIntosh County,424
GA - Macon County,401
GA - Madison County,282
GA - Marion County,366
GA - Meriwether County,501
GA - Miller County,282
GA - Mitchell County,512
GA - Monroe County,396
GA - Montgomery County,240
GA - Morgan County,347
GA - Murray County,344
GA - Muscogee County,216
GA - Newton County,272
GA - Oconee County,184
GA - Oglethorpe County,439
GA - Paulding County,312
GA - Peach County,150
GA - Pickens County,232
GA - Pierce County,316
GA - Pike County,216
GA - Polk County,310
GA - Pulaski County,249
GA - Putnam County,345
GA - Quitman County,151
GA - Rabun County,370
GA - Randolph County,428
GA - Richmond County,324
GA - Rockdale County,130
GA - Schley County,167
GA - Screven County,645
GA - Seminole County,235
GA - Spalding County,196
GA - Stephens County,179
GA - Stewart County,459
GA - Sumter County,483
GA - Talbot County,391
GA - Taliaferro County,195
GA - Tattnall County,479
GA - Taylor County,377
GA - Telfair County,437
GA - Terrell County,335
GA - Thomas County,545
GA - Tift County,259
GA - Toombs County,364
GA - Towns County,167
GA - Treutlen County,199
GA - Troup County,414
GA - Turner County,285
GA - Twiggs County,358
GA - Union County,322
GA - Upson County,323
GA - Walker County,446
GA - Walton County,326
GA - Ware County,892
GA - Warren County,284
GA - Washington County,678
GA - Wayne County,642
GA - Webster County,209
GA - Wheeler County,295
GA - White County,241
GA - Whitfield County,290
GA - Wilcox County,378
GA - Wilkes County,469
GA - Wilkinson County,447
GA - Worth County,571
HI - Hawaii County,4028
HI - Honolulu County,601
HI - Kalawao County,12
HI - Kauai County,620
HI - Maui County,1162
ID - Ada County,1053
ID - Adams County,1363
ID - Bannock County,1112
ID - Bear Lake County,975
ID - Benewah County,777
ID - Bingham County,2094
ID - Blaine County,2644
ID - Boise County,1899
ID - Bonner County,1735
ID - Bonneville County,1866
ID - Boundary County,1269
ID - Butte County,2232
ID - Camas County,1074
ID - Canyon County,587
ID - Caribou County,1764
ID - Cassia County,2565
ID - Clark County,1764
ID - Clearwater County,2457
ID - Custer County,4921
ID - Elmore County,3075
ID - Franklin County,664
ID - Fremont County,1864
ID - Gem County,561
ID - Gooding County,729
ID - Idaho County,8477
ID - Jefferson County,1094
ID - Jerome County,597
ID - Kootenai County,1244
ID - Latah County,1076
ID - Lemhi County,4563
ID - Lewis County,479
ID - Lincoln County,1201
ID - Madison County,469
ID - Minidoka County,758
ID - Nez Perce County,848
ID - Oneida County,1200
ID - Owyhee County,7666
ID - Payette County,407
ID - Power County,1404
ID - Shoshone County,2630
ID - Teton County,449
ID - Twin Falls County,1921
ID - Valley County,3665
ID - Washington County,1453
IL - Adams County,855
IL - Alexander County,236
IL - Bond County,380
IL - Boone County,281
IL - Brown County,306
IL - Bureau County,869
IL - Calhoun County,254
IL - Carroll County,445
IL - Cass County,376
IL - Champaign County,996
IL - Christian County,709
IL - Clark County,501
IL - Clay County,468
IL - Clinton County,474
IL - Coles County,508
IL - Cook County,945
IL - Crawford County,444
IL - Cumberland County,346
IL - DeKalb County,631
IL - De Witt County,398
IL - Douglas County,417
IL - DuPage County,328
IL - Edgar County,623
IL - Edwards County,222
IL - Effingham County,479
IL - Fayette County,716
IL - Ford County,486
IL - Franklin County,409
IL - Fulton County,866
IL - Gallatin County,323
IL - Greene County,543
IL - Grundy County,418
IL - Hamilton County,435
IL - Hancock County,794
IL - Hardin County,178
IL - Henderson County,379
IL - Henry County,823
IL - Iroquois County,1117
IL - Jackson County,584
IL - Jasper County,495
IL - Jefferson County,571
IL - Jersey County,369
IL - Jo Daviess County,601
IL - Johnson County,344
IL - Kane County,520
IL - Kankakee County,677
IL - Kendall County,320
IL - Knox County,716
IL - Lake County,444
IL - LaSalle County,1135
IL - Lawrence County,372
IL - Lee County,725
IL - Livingston County,1044
IL - Logan County,618
IL - McDonough County,589
IL - McHenry County,603
IL - McLean County,1183
IL - Macon County,581
IL - Macoupin County,863
IL - Madison County,716
IL - Marion County,572
IL - Marshall County,387
IL - Mason County,539
IL - Massac County,237
IL - Menard County,314
IL - Mercer County,561
IL - Monroe County,385
IL - Montgomery County,704
IL - Morgan County,569
IL - Moultrie County,336
IL - Ogle County,759
IL - Peoria County,619
IL - Perry County,442
IL - Piatt County,439
IL - Pike County,831
IL - Pope County,369
IL - Pulaski County,199
IL - Putnam County,160
IL - Randolph County,576
IL - Richland County,360
IL - Rock Island County,428
IL - St. Clair County,658
IL - Saline County,380
IL - Sangamon County,868
IL - Schuyler County,437
IL - Scott County,251
IL - Shelby County,759
IL - Stark County,288
IL - Stephenson County,565
IL - Tazewell County,649
IL - Union County,413
IL - Vermilion County,898
IL - Wabash County,223
IL - Warren County,542
IL - Washington County,563
IL - Wayne County,714
IL - White County,495
IL - Whiteside County,684
IL - Will County,837
IL - Williamson County,420
IL - Winnebago County,513
IL - Woodford County,528
IN - Adams County,339
IN - Allen County,657
IN - Bartholomew County,407
IN - Benton County,406
IN - Blackford County,165
IN - Boone County,423
IN - Brown County,312
IN - Carroll County,372
IN - Cass County,412
IN - Clark County,373
IN - Clay County,358
IN - Clinton County,405
IN - Crawford County,306
IN - Daviess County,429
IN - Dearborn County,305
IN - Decatur County,373
IN - DeKalb County,363
IN - Delaware County,392
IN - Dubois County,427
IN - Elkhart County,463
IN - Fayette County,215
IN - Floyd County,148
IN - Fountain County,396
IN - Franklin County,384
IN - Fulton County,368
IN - Gibson County,487
IN - Grant County,414
IN - Greene County,543
IN - Hamilton County,394
IN - Hancock County,306
IN - Harrison County,485
IN - Hendricks County,407
IN - Henry County,392
IN - Howard County,293
IN - Huntington County,383
IN - Jackson County,509
IN - Jasper County,560
IN - Jay County,384
IN - Jefferson County,361
IN - Jennings County,377
IN - Johnson County,320
IN - Knox County,516
IN - Kosciusko County,531
IN - LaGrange County,380
IN - Lake County,499
IN - LaPorte County,598
IN - Lawrence County,449
IN - Madison County,452
IN - Marion County,396
IN - Marshall County,444
IN - Martin County,336
IN - Miami County,374
IN - Monroe County,395
IN - Montgomery County,505
IN - Morgan County,404
IN - Newton County,402
IN - Noble County,411
IN - Ohio County,86
IN - Orange County,398
IN - Owen County,385
IN - Parke County,445
IN - Perry County,382
IN - Pike County,334
IN - Porter County,418
IN - Posey County,410
IN - Pulaski County,434
IN - Putnam County,481
IN - Randolph County,452
IN - Ripley County,446
IN - Rush County,408
IN - St. Joseph County,458
IN - Scott County,190
IN - Shelby County,411
IN - Spencer County,397
IN - Starke County,309
IN - Steuben County,309
IN - Sullivan County,447
IN - Switzerland County,221
IN - Tippecanoe County,500
IN - Tipton County,261
IN - Union County,161
IN - Vanderburgh County,233
IN - Vermillion County,257
IN - Vigo County,403
IN - Wabash County,412
IN - Warren County,365
IN - Warrick County,385
IN - Washington County,514
IN - Wayne County,402
IN - Wells County,368
IN - White County,505
IN - Whitley County,336
IA - Adair County,569
IA - Adams County,423
IA - Allamakee County,639
IA - Appanoose County,497
IA - Audubon County,443
IA - Benton County,716
IA - Black Hawk County,566
IA - Boone County,572
IA - Bremer County,435
IA - Buchanan County,571
IA - Buena Vista County,575
IA - Butler County,580
IA - Calhoun County,570
IA - Carroll County,569
IA - Cass County,564
IA - Cedar County,579
IA - Cerro Gordo County,568
IA - Cherokee County,577
IA - Chickasaw County,504
IA - Clarke County,431
IA - Clay County,567
IA - Clayton County,779
IA - Clinton County,695
IA - Crawford County,714
IA - Dallas County,588
IA - Davis County,502
IA - Decatur County,532
IA - Delaware County,578
IA - Des Moines County,416
IA - Dickinson County,381
IA - Dubuque County,608
IA - Emmet County,396
IA - Fayette County,731
IA - Floyd County,501
IA - Franklin County,582
IA - Fremont County,511
IA - Greene County,570
IA - Grundy County,502
IA - Guthrie County,591
IA - Hamilton County,577
IA - Hancock County,571
IA - Hardin County,569
IA - Harrison County,697
IA - Henry County,434
IA - Howard County,473
IA - Humboldt County,434
IA - Ida County,432
IA - Iowa County,586
IA - Jackson County,636
IA - Jasper County,730
IA - Jefferson County,436
IA - Johnson County,614
IA - Jones County,576
IA - Keokuk County,579
IA - Kossuth County,973
IA - Lee County,518
IA - Linn County,717
IA - Louisa County,402
IA - Lucas County,431
IA - Lyon County,588
IA - Madison County,561
IA - Mahaska County,571
IA - Marion County,555
IA - Marshall County,573
IA - Mills County,437
IA - Mitchell County,469
IA - Monona County,694
IA - Monroe County,434
IA - Montgomery County,424
IA - Muscatine County,437
IA - O'Brien County,573
IA - Osceola County,399
IA - Page County,535
IA - Palo Alto County,564
IA - Plymouth County,863
IA - Pocahontas County,577
IA - Polk County,574
IA - Pottawattamie County,950
IA - Poweshiek County,585
IA - Ringgold County,536
IA - Sac County,575
IA - Scott County,458
IA - Shelby County,591
IA - Sioux County,768
IA - Story County,573
IA - Tama County,721
IA - Taylor County,532
IA - Union County,424
IA - Van Buren County,485
IA - Wapello County,432
IA - Warren County,570
IA - Washington County,569
IA - Wayne County,525
IA - Webster County,716
IA - Winnebago County,400
IA - Winneshiek County,690
IA - Woodbury County,873
IA - Worth County,400
IA - Wright County,580
KS - Allen County,500
KS - Anderson County,580
KS - Atchison County,431
KS - Barber County,1134
KS - Barton County,895
KS - Bourbon County,635
KS - Brown County,571
KS - Butler County,1430
KS - Chase County,773
KS - Chautauqua County,639
KS - Cherokee County,588
KS - Cheyenne County,1020
KS - Clark County,975
KS - Clay County,645
KS - Cloud County,715
KS - Coffey County,627
KS - Comanche County,788
KS - Cowley County,1126
KS - Crawford County,590
KS - Decatur County,894
KS - Dickinson County,847
KS - Doniphan County,393
KS - Douglas County,456
KS - Edwards County,622
KS - Elk County,644
KS - Ellis County,900
KS - Ellsworth County,716
KS - Finney County,1302
KS - Ford County,1098
KS - Franklin County,572
KS - Geary County,385
KS - Gove County,1072
KS - Graham County,899
KS - Grant County,575
KS - Gray County,869
KS - Greeley County,778
KS - Greenwood County,1143
KS - Hamilton County,997
KS - Harper County,801
KS - Harvey County,540
KS - Haskell County,578
KS - Hodgeman County,860
KS - Jackson County,656
KS - Jefferson County,533
KS - Jewell County,910
KS - Johnson County,473
KS - Kearny County,871
KS - Kingman County,863
KS - Kiowa County,723
KS - Labette County,645
KS - Lane County,717
KS - Leavenworth County,463
KS - Lincoln County,719
KS - Linn County,594
KS - Logan County,1073
KS - Lyon County,847
KS - McPherson County,898
KS - Marion County,944
KS - Marshall County,900
KS - Meade County,978
KS - Miami County,576
KS - Mitchell County,702
KS - Montgomery County,644
KS - Morris County,695
KS - Morton County,730
KS - Nemaha County,717
KS - Neosho County,571
KS - Ness County,1075
KS - Norton County,878
KS - Osage County,706
KS - Osborne County,893
KS - Ottawa County,721
KS - Pawnee County,754
KS - Phillips County,886
KS - Pottawatomie County,841
KS - Pratt County,735
KS - Rawlins County,1069
KS - Reno County,1255
KS - Republic County,717
KS - Rice County,726
KS - Riley County,610
KS - Rooks County,891
KS - Rush County,718
KS - Russell County,886
KS - Saline County,720
KS - Scott County,718
KS - Sedgwick County,998
KS - Seward County,640
KS - Shawnee County,544
KS - Sheridan County,896
KS - Sherman County,1056
KS - Smith County,895
KS - Stafford County,792
KS - Stanton County,680
KS - Stevens County,727
KS - Sumner County,1182
KS - Thomas County,1075
KS - Trego County,889
KS - Wabaunsee County,794
KS - Wallace County,914
KS - Washington County,895
KS - Wichita County,719
KS - Wilson County,570
KS - Woodson County,498
KS - Wyandotte County,152
KY - Adair County,405
KY - Allen County,344
KY - Anderson County,202
KY - Ballard County,247
KY - Barren County,488
KY - Bath County,279
KY - Bell County,359
KY - Boone County,246
KY - Bourbon County,290
KY - Boyd County,160
KY - Boyle County,180
KY - Bracken County,206
KY - Breathitt County,492
KY - Breckinridge County,567
KY - Bullitt County,297
KY - Butler County,426
KY - Caldwell County,345
KY - Calloway County,385
KY - Campbell County,151
KY - Carlisle County,189
KY - Carroll County,129
KY - Carter County,410
KY - Casey County,444
KY - Christian County,718
KY - Clark County,252
KY - Clay County,469
KY - Clinton County,197
KY - Crittenden County,360
KY - Cumberland County,305
KY - Daviess County,458
KY - Edmonson County,303
KY - Elliott County,234
KY - Estill County,253
KY - Fayette County,284
KY - Fleming County,349
KY - Floyd County,393
KY - Franklin County,208
KY - Fulton County,206
KY - Gallatin County,101
KY - Garrard County,230
KY - Grant County,258
KY - Graves County,552
KY - Grayson County,497
KY - Green County,286
KY - Greenup County,344
KY - Hancock County,188
KY - Hardin County,623
KY - Harlan County,466
KY - Harrison County,306
KY - Hart County,412
KY - Henderson County,437
KY - Henry County,286
KY - Hickman County,242
KY - Hopkins County,542
KY - Jackson County,345
KY - Jefferson County,380
KY - Jessamine County,172
KY - Johnson County,262
KY - Kenton County,160
KY - Knott County,352
KY - Knox County,386
KY - Larue County,262
KY - Laurel County,434
KY - Lawrence County,416
KY - Lee County,209
KY - Leslie County,401
KY - Letcher County,338
KY - Lewis County,483
KY - Lincoln County,334
KY - Livingston County,313
KY - Logan County,552
KY - Lyon County,214
KY - McCracken County,249
KY - McCreary County,427
KY - McLean County,252
KY - Madison County,437
KY - Magoffin County,308
KY - Marion County,343
KY - Marshall County,301
KY - Martin County,230
KY - Mason County,240
KY - Meade County,305
KY - Menifee County,204
KY - Mercer County,249
KY - Metcalfe County,290
KY - Monroe County,329
KY - Montgomery County,197
KY - Morgan County,381
KY - Muhlenberg County,467
KY - Nelson County,418
KY - Nicholas County,195
KY - Ohio County,587
KY - Oldham County,187
KY - Owen County,351
KY - Owsley County,197
KY - Pendleton County,277
KY - Perry County,340
KY - Pike County,787
KY - Powell County,179
KY - Pulaski County,658
KY - Robertson County,100
KY - Rockcastle County,317
KY - Rowan County,280
KY - Russell County,254
KY - Scott County,282
KY - Shelby County,380
KY - Simpson County,234
KY - Spencer County,187
KY - Taylor County,266
KY - Todd County,375
KY - Trigg County,441
KY - Trimble County,152
KY - Union County,343
KY - Warren County,542
KY - Washington County,297
KY - Wayne County,458
KY - Webster County,332
KY - Whitley County,438
KY - Wolfe County,222
KY - Woodford County,189
LA - Acadia County,655
LA - Allen County,762
LA - Ascension County,290
LA - Assumption County,339
LA - Avoyelles County,832
LA - Beauregard County,1157
LA - Bienville County,811
LA - Bossier County,840
LA - Caddo County,879
LA - Calcasieu County,1064
LA - Caldwell County,529
LA - Cameron County,1285
LA - Catahoula County,708
LA - Claiborne County,755
LA - Concordia County,697
LA - De Soto County,876
LA - East Baton Rouge County,455
LA - East Carroll County,421
LA - East Feliciana County,453
LA - Evangeline County,662
LA - Franklin County,625
LA - Grant County,643
LA - Iberia County,574
LA - Iberville County,619
LA - Jackson County,569
LA - Jefferson County,296
LA - Jefferson Davis County,651
LA - Lafayette County,269
LA - Lafourche County,1068
LA - La Salle County,625
LA - Lincoln County,472
LA - Livingston County,648
LA - Madison County,624
LA - Morehouse County,795
LA - Natchitoches County,1252
LA - Orleans County,169
LA - Ouachita County,610
LA - Plaquemines County,780
LA - Pointe Coupee County,557
LA - Rapides County,1318
LA - Red River County,389
LA - Richland County,559
LA - Sabine County,867
LA - St. Bernard County,378
LA - St. Charles County,279
LA - St. Helena County,408
LA - St. James County,242
LA - St. John the Baptist County,213
LA - St. Landry County,924
LA - St. Martin County,738
LA - St. Mary County,555
LA - St. Tammany County,846
LA - Tangipahoa County,791
LA - Tensas County,603
LA - Terrebonne County,1232
LA - Union County,877
LA - Vermilion County,1173
LA - Vernon County,1328
LA - Washington County,670
LA - Webster County,593
LA - West Baton Rouge County,192
LA - West Carroll County,360
LA - West Feliciana County,403
LA - Winn County,950
ME - Androscoggin County,468
ME - Aroostook County,6671
ME - Cumberland County,835
ME - Franklin County,1697
ME - Hancock County,1587
ME - Kennebec County,868
ME - Knox County,365
ME - Lincoln County,456
ME - Oxford County,2077
ME - Penobscot County,3397
ME - Piscataquis County,3961
ME - Sagadahoc County,254
ME - Somerset County,3924
ME - Waldo County,730
ME - Washington County,2563
ME - York County,991
MD - Allegany County,424
MD - Anne Arundel County,415
MD - Baltimore County,598
MD - Calvert County,213
MD - Caroline County,319
MD - Carroll County,448
MD - Cecil County,346
MD - Charles County,458
MD - Dorchester County,541
MD - Frederick County,660
MD - Garrett County,647
MD - Harford County,437
MD - Howard County,251
MD - Kent County,277
MD - Montgomery County,491
MD - Prince George's County,483
MD - Queen Anne's County,372
MD - St. Mary's County,357
MD - Somerset County,320
MD - Talbot County,269
MD - Washington County,458
MD - Wicomico County,374
MD - Worcester County,468
MD - Baltimore city County,81
MA - Barnstable County,394
MA - Berkshire County,927
MA - Bristol County,553
MA - Dukes County,103
MA - Essex County,493
MA - Franklin County,699
MA - Hampden County,617
MA - Hampshire County,527
MA - Middlesex County,818
MA - Nantucket County,45
MA - Norfolk County,396
MA - Plymouth County,659
MA - Suffolk County,58
MA - Worcester County,1511
MI - Alcona County,675
MI - Alger County,915
MI - Allegan County,825
MI - Alpena County,572
MI - Antrim County,476
MI - Arenac County,363
MI - Baraga County,898
MI - Barry County,553
MI - Bay County,442
MI - Benzie County,320
MI - Berrien County,568
MI - Branch County,506
MI - Calhoun County,706
MI - Cass County,490
MI - Charlevoix County,416
MI - Cheboygan County,715
MI - Chippewa County,1558
MI - Clare County,564
MI - Clinton County,566
MI - Crawford County,556
MI - Delta County,1171
MI - Dickinson County,761
MI - Eaton County,575
MI - Emmet County,467
MI - Genesee County,637
MI - Gladwin County,502
MI - Gogebic County,1102
MI - Grand Traverse County,464
MI - Gratiot County,568
MI - Hillsdale County,598
MI - Houghton County,1009
MI - Huron County,836
MI - Ingham County,556
MI - Ionia County,571
MI - Iosco County,549
MI - Iron County,1166
MI - Isabella County,573
MI - Jackson County,702
MI - Kalamazoo County,562
MI - Kalkaska County,560
MI - Kent County,847
MI - Keweenaw County,540
MI - Lake County,567
MI - Lapeer County,643
MI - Leelanau County,347
MI - Lenawee County,750
MI - Livingston County,565
MI - Luce County,899
MI - Mackinac County,1022
MI - Macomb County,479
MI - Manistee County,542
MI - Marquette County,1808
MI - Mason County,495
MI - Mecosta County,555
MI - Menominee County,1044
MI - Midland County,516
MI - Missaukee County,565
MI - Monroe County,549
MI - Montcalm County,705
MI - Montmorency County,547
MI - Muskegon County,499
MI - Newaygo County,813
MI - Oakland County,868
MI - Oceana County,512
MI - Ogemaw County,563
MI - Ontonagon County,1311
MI - Osceola County,566
MI - Oscoda County,566
MI - Otsego County,515
MI - Ottawa County,563
MI - Presque Isle County,659
MI - Roscommon County,520
MI - Saginaw County,800
MI - St. Clair County,721
MI - St. Joseph County,501
MI - Sanilac County,963
MI - Schoolcraft County,1171
MI - Shiawassee County,531
MI - Tuscola County,803
MI - Van Buren County,607
MI - Washtenaw County,706
MI - Wayne County,612
MI - Wexford County,565
MN - Aitkin County,1822
MN - Anoka County,423
MN - Becker County,1315
MN - Beltrami County,2505
MN - Benton County,408
MN - Big Stone County,499
MN - Blue Earth County,748
MN - Brown County,611
MN - Carlton County,861
MN - Carver County,354
MN - Cass County,2022
MN - Chippewa County,581
MN - Chisago County,415
MN - Clay County,1045
MN - Clearwater County,999
MN - Cook County,1452
MN - Cottonwood County,639
MN - Crow Wing County,999
MN - Dakota County,562
MN - Dodge County,439
MN - Douglas County,637
MN - Faribault County,712
MN - Fillmore County,861
MN - Freeborn County,707
MN - Goodhue County,757
MN - Grant County,548
MN - Hennepin County,554
MN - Houston County,552
MN - Hubbard County,926
MN - Isanti County,436
MN - Itasca County,2668
MN - Jackson County,703
MN - Kanabec County,522
MN - Kandiyohi County,797
MN - Kittson County,1099
MN - Koochiching County,3104
MN - Lac qui Parle County,765
MN - Lake County,2109
MN - Lake of the Woods County,1298
MN - Le Sueur County,449
MN - Lincoln County,537
MN - Lyon County,715
MN - McLeod County,491
MN - Mahnomen County,558
MN - Marshall County,1775
MN - Martin County,712
MN - Meeker County,608
MN - Mille Lacs County,572
MN - Morrison County,1125
MN - Mower County,711
MN - Murray County,705
MN - Nicollet County,448
MN - Nobles County,715
MN - Norman County,873
MN - Olmsted County,653
MN - Otter Tail County,1972
MN - Pennington County,617
MN - Pine County,1411
MN - Pipestone County,465
MN - Polk County,1971
MN - Pope County,670
MN - Ramsey County,152
MN - Red Lake County,432
MN - Redwood County,879
MN - Renville County,983
MN - Rice County,496
MN - Rock County,482
MN - Roseau County,1672
MN - St. Louis County,6247
MN - Scott County,356
MN - Sherburne County,433
MN - Sibley County,589
MN - Stearns County,1343
MN - Steele County,430
MN - Stevens County,564
MN - Swift County,742
MN - Todd County,945
MN - Traverse County,574
MN - Wabasha County,523
MN - Wadena County,536
MN - Waseca County,423
MN - Washington County,384
MN - Watonwan County,435
MN - Wilkin County,751
MN - Winona County,626
MN - Wright County,661
MN - Yellow Medicine County,759
MS - Adams County,462
MS - Alcorn County,400
MS - Amite County,730
MS - Attala County,735
MS - Benton County,407
MS - Bolivar County,877
MS - Calhoun County,587
MS - Carroll County,628
MS - Chickasaw County,502
MS - Choctaw County,418
MS - Claiborne County,487
MS - Clarke County,692
MS - Clay County,410
MS - Coahoma County,552
MS - Copiah County,777
MS - Covington County,414
MS - DeSoto County,476
MS - Forrest County,466
MS - Franklin County,564
MS - George County,479
MS - Greene County,713
MS - Grenada County,422
MS - Hancock County,474
MS - Harrison County,574
MS - Hinds County,870
MS - Holmes County,757
MS - Humphreys County,418
MS - Issaquena County,413
MS - Itawamba County,533
MS - Jackson County,723
MS - Jasper County,676
MS - Jefferson County,520
MS - Jefferson Davis County,408
MS - Jones County,695
MS - Kemper County,766
MS - Lafayette County,632
MS - Lamar County,497
MS - Lauderdale County,704
MS - Lawrence County,431
MS - Leake County,583
MS - Lee County,450
MS - Leflore County,593
MS - Lincoln County,586
MS - Lowndes County,506
MS - Madison County,715
MS - Marion County,542
MS - Marshall County,706
MS - Monroe County,765
MS - Montgomery County,407
MS - Neshoba County,570
MS - Newton County,578
MS - Noxubee County,695
MS - Oktibbeha County,458
MS - Panola County,685
MS - Pearl River County,811
MS - Perry County,647
MS - Pike County,409
MS - Pontotoc County,498
MS - Prentiss County,415
MS - Quitman County,405
MS - Rankin County,775
MS - Scott County,609
MS - Sharkey County,432
MS - Simpson County,589
MS - Smith County,636
MS - Stone County,445
MS - Sunflower County,698
MS - Tallahatchie County,645
MS - Tate County,405
MS - Tippah County,458
MS - Tishomingo County,424
MS - Tunica County,455
MS - Union County,416
MS - Walthall County,404
MS - Warren County,589
MS - Washington County,725
MS - Wayne County,811
MS - Webster County,421
MS - Wilkinson County,678
MS - Winston County,607
MS - Yalobusha County,467
MS - Yazoo County,923
MO - Adair County,567
MO - Andrew County,433
MO - Atchison County,547
MO - Audrain County,692
MO - Barry County,778
MO - Barton County,592
MO - Bates County,837
MO - Benton County,704
MO - Bollinger County,618
MO - Boone County,685
MO - Buchanan County,408
MO - Butler County,695
MO - Caldwell County,426
MO - Callaway County,835
MO - Camden County,656
MO - Cape Girardeau County,579
MO - Carroll County,695
MO - Carter County,507
MO - Cass County,697
MO - Cedar County,474
MO - Chariton County,751
MO - Christian County,563
MO - Clark County,505
MO - Clay County,397
MO - Clinton County,419
MO - Cole County,394
MO - Cooper County,565
MO - Crawford County,743
MO - Dade County,490
MO - Dallas County,541
MO - Daviess County,563
MO - DeKalb County,421
MO - Dent County,753
MO - Douglas County,814
MO - Dunklin County,541
MO - Franklin County,923
MO - Gasconade County,518
MO - Gentry County,491
MO - Greene County,675
MO - Grundy County,435
MO - Harrison County,723
MO - Henry County,697
MO - Hickory County,399
MO - Holt County,463
MO - Howard County,464
MO - Howell County,927
MO - Iron County,550
MO - Jackson County,604
MO - Jasper County,638
MO - Jefferson County,657
MO - Johnson County,829
MO - Knox County,504
MO - Laclede County,765
MO - Lafayette County,628
MO - Lawrence County,612
MO - Lewis County,505
MO - Lincoln County,627
MO - Linn County,616
MO - Livingston County,532
MO - McDonald County,539
MO - Macon County,801
MO - Madison County,494
MO - Maries County,527
MO - Marion County,437
MO - Mercer County,454
MO - Miller County,593
MO - Mississippi County,412
MO - Moniteau County,415
MO - Monroe County,648
MO - Montgomery County,536
MO - Morgan County,598
MO - New Madrid County,675
MO - Newton County,625
MO - Nodaway County,877
MO - Oregon County,790
MO - Osage County,604
MO - Ozark County,745
MO - Pemiscot County,493
MO - Perry County,474
MO - Pettis County,682
MO - Phelps County,672
MO - Pike County,670
MO - Platte County,420
MO - Polk County,636
MO - Pulaski County,547
MO - Putnam County,517
MO - Ralls County,470
MO - Randolph County,483
MO - Ray County,569
MO - Reynolds County,808
MO - Ripley County,630
MO - St. Charles County,560
MO - St. Clair County,670
MO - Ste. Genevieve County,499
MO - St. Francois County,452
MO - St. Louis County,508
MO - Saline County,756
MO - Schuyler County,307
MO - Scotland County,437
MO - Scott County,420
MO - Shannon County,1004
MO - Shelby County,501
MO - Stoddard County,823
MO - Stone County,464
MO - Sullivan County,648
MO - Taney County,632
MO - Texas County,1177
MO - Vernon County,826
MO - Warren County,429
MO - Washington County,760
MO - Wayne County,759
MO - Webster County,593
MO - Worth County,267
MO - Wright County,682
MO - St. Louis city County,62
MT - Beaverhead County,5542
MT - Big Horn County,4995
MT - Blaine County,4228
MT - Broadwater County,1193
MT - Carbon County,2049
MT - Carter County,3341
MT - Cascade County,2698
MT - Chouteau County,3972
MT - Custer County,3783
MT - Daniels County,1426
MT - Dawson County,2372
MT - Deer Lodge County,737
MT - Fallon County,1621
MT - Fergus County,4340
MT - Flathead County,5088
MT - Gallatin County,2603
MT - Garfield County,4675
MT - Glacier County,2996
MT - Golden Valley County,1175
MT - Granite County,1727
MT - Hill County,2899
MT - Jefferson County,1656
MT - Judith Basin County,1870
MT - Lake County,1490
MT - Lewis and Clark County,3459
MT - Liberty County,1430
MT - Lincoln County,3613
MT - McCone County,2643
MT - Madison County,3587
MT - Meagher County,2392
MT - Mineral County,1219
MT - Missoula County,2593
MT - Musselshell County,1868
MT - Park County,2803
MT - Petroleum County,1655
MT - Phillips County,5140
MT - Pondera County,1623
MT - Powder River County,3297
MT - Powell County,2326
MT - Prairie County,1737
MT - Ravalli County,2391
MT - Richland County,2084
MT - Roosevelt County,2355
MT - Rosebud County,5010
MT - Sanders County,2761
MT - Sheridan County,1677
MT - Silver Bow County,718
MT - Stillwater County,1795
MT - Sweet Grass County,1855
MT - Teton County,2272
MT - Toole County,1916
MT - Treasure County,977
MT - Valley County,4926
MT - Wheatland County,1423
MT - Wibaux County,889
MT - Yellowstone County,2633
MT - Yellowstone National Park County,0
NE - Adams County,563
NE - Antelope County,857
NE - Arthur County,715
NE - Banner County,746
NE - Blaine County,711
NE - Boone County,687
NE - Box Butte County,1075
NE - Boyd County,540
NE - Brown County,1221
NE - Buffalo County,968
NE - Burt County,492
NE - Butler County,585
NE - Cass County,557
NE - Cedar County,740
NE - Chase County,894
NE - Cherry County,5960
NE - Cheyenne County,1196
NE - Clay County,572
NE - Colfax County,412
NE - Cuming County,571
NE - Custer County,2576
NE - Dakota County,264
NE - Dawes County,1396
NE - Dawson County,1013
NE - Deuel County,440
NE - Dixon County,476
NE - Dodge County,529
NE - Douglas County,328
NE - Dundy County,920
NE - Fillmore County,575
NE - Franklin County,576
NE - Frontier County,975
NE - Furnas County,719
NE - Gage County,851
NE - Garden County,1704
NE - Garfield County,570
NE - Gosper County,458
NE - Grant County,776
NE - Greeley County,570
NE - Hall County,546
NE - Hamilton County,543
NE - Harlan County,553
NE - Hayes County,713
NE - Hitchcock County,710
NE - Holt County,2412
NE - Hooker County,721
NE - Howard County,569
NE - Jefferson County,570
NE - Johnson County,376
NE - Kearney County,516
NE - Keith County,1062
NE - Keya Paha County,773
NE - Kimball County,952
NE - Knox County,1108
NE - Lancaster County,838
NE - Lincoln County,2564
NE - Logan County,571
NE - Loup County,568
NE - McPherson County,859
NE - Madison County,573
NE - Merrick County,485
NE - Morrill County,1424
NE - Nance County,442
NE - Nemaha County,407
NE - Nuckolls County,575
NE - Otoe County,616
NE - Pawnee County,431
NE - Perkins County,883
NE - Phelps County,540
NE - Pierce County,573
NE - Platte County,674
NE - Polk County,438
NE - Red Willow County,717
NE - Richardson County,552
NE - Rock County,1008
NE - Saline County,574
NE - Sarpy County,239
NE - Saunders County,750
NE - Scotts Bluff County,739
NE - Seward County,571
NE - Sheridan County,2441
NE - Sherman County,566
NE - Sioux County,2067
NE - Stanton County,428
NE - Thayer County,574
NE - Thomas County,713
NE - Thurston County,394
NE - Valley County,568
NE - Washington County,390
NE - Wayne County,443
NE - Webster County,575
NE - Wheeler County,575
NE - York County,573
NV - Churchill County,4930
NV - Clark County,7891
NV - Douglas County,710
NV - Elko County,17170
NV - Esmeralda County,3582
NV - Eureka County,4176
NV - Humboldt County,9641
NV - Lander County,5490
NV - Lincoln County,10633
NV - Lyon County,2001
NV - Mineral County,3753
NV - Nye County,18182
NV - Pershing County,6037
NV - Storey County,263
NV - Washoe County,6302
NV - White Pine County,8876
NV - Carson City city County,145
NH - Belknap County,400
NH - Carroll County,931
NH - Cheshire County,707
NH - Coos County,1795
NH - Grafton County,1709
NH - Hillsborough County,876
NH - Merrimack County,934
NH - Rockingham County,695
NH - Strafford County,369
NH - Sullivan County,537
NJ - Atlantic County,556
NJ - Bergen County,233
NJ - Burlington County,799
NJ - Camden County,221
NJ - Cape May County,251
NJ - Cumberland County,484
NJ - Essex County,126
NJ - Gloucester County,322
NJ - Hudson County,46
NJ - Hunterdon County,428
NJ - Mercer County,225
NJ - Middlesex County,309
NJ - Monmouth County,469
NJ - Morris County,460
NJ - Ocean County,629
NJ - Passaic County,185
NJ - Salem County,332
NJ - Somerset County,302
NJ - Sussex County,519
NJ - Union County,103
NJ - Warren County,357
NM - Bernalillo County,1161
NM - Catron County,6924
NM - Chaves County,6065
NM - Cibola County,4539
NM - Colfax County,3758
NM - Curry County,1405
NM - De Baca County,2323
NM - Dona Ana County,3808
NM - Eddy County,4176
NM - Grant County,3962
NM - Guadalupe County,3030
NM - Harding County,2125
NM - Hidalgo County,3437
NM - Lea County,4391
NM - Lincoln County,4831
NM - Los Alamos County,109
NM - Luna County,2965
NM - McKinley County,5450
NM - Mora County,1931
NM - Otero County,6613
NM - Quay County,2874
NM - Rio Arriba County,5861
NM - Roosevelt County,2447
NM - Sandoval County,3711
NM - San Juan County,5513
NM - San Miguel County,4716
NM - Santa Fe County,1909
NM - Sierra County,4179
NM - Socorro County,6647
NM - Taos County,2203
NM - Torrance County,3345
NM - Union County,3824
NM - Valencia County,1066
NY - Albany County,523
NY - Allegany County,1029
NY - Bronx County,42
NY - Broome County,706
NY - Cattaraugus County,1308
NY - Cayuga County,692
NY - Chautauqua County,1060
NY - Chemung County,407
NY - Chenango County,894
NY - Clinton County,1038
NY - Columbia County,635
NY - Cortland County,499
NY - Delaware County,1442
NY - Dutchess County,796
NY - Erie County,1043
NY - Essex County,1794
NY - Franklin County,1629
NY - Fulton County,495
NY - Genesee County,493
NY - Greene County,647
NY - Hamilton County,1717
NY - Herkimer County,1411
NY - Jefferson County,1269
NY - Kings County,71
NY - Lewis County,1275
NY - Livingston County,632
NY - Madison County,655
NY - Monroe County,657
NY - Montgomery County,403
NY - Nassau County,285
NY - New York County,23
NY - Niagara County,522
NY - Oneida County,1212
NY - Onondaga County,778
NY - Ontario County,644
NY - Orange County,812
NY - Orleans County,391
NY - Oswego County,952
NY - Otsego County,1002
NY - Putnam County,230
NY - Queens County,109
NY - Rensselaer County,652
NY - Richmond County,58
NY - Rockland County,174
NY - St. Lawrence County,2680
NY - Saratoga County,810
NY - Schenectady County,205
NY - Schoharie County,622
NY - Schuyler County,328
NY - Seneca County,324
NY - Steuben County,1391
NY - Suffolk County,912
NY - Sullivan County,968
NY - Tioga County,519
NY - Tompkins County,475
NY - Ulster County,1124
NY - Warren County,867
NY - Washington County,831
NY - Wayne County,604
NY - Westchester County,431
NY - Wyoming County,593
NY - Yates County,338
NC - Alamance County,424
NC - Alexander County,260
NC - Alleghany County,235
NC - Anson County,531
NC - Ashe County,426
NC - Avery County,247
NC - Beaufort County,827
NC - Bertie County,699
NC - Bladen County,874
NC - Brunswick County,847
NC - Buncombe County,657
NC - Burke County,507
NC - Cabarrus County,362
NC - Caldwell County,472
NC - Camden County,241
NC - Carteret County,506
NC - Caswell County,425
NC - Catawba County,399
NC - Chatham County,682
NC - Cherokee County,455
NC - Chowan County,172
NC - Clay County,215
NC - Cleveland County,464
NC - Columbus County,937
NC - Craven County,709
NC - Cumberland County,652
NC - Currituck County,262
NC - Dare County,383
NC - Davidson County,553
NC - Davie County,264
NC - Duplin County,816
NC - Durham County,286
NC - Edgecombe County,505
NC - Forsyth County,408
NC - Franklin County,492
NC - Gaston County,356
NC - Gates County,340
NC - Graham County,292
NC - Granville County,532
NC - Greene County,266
NC - Guilford County,646
NC - Halifax County,724
NC - Harnett County,595
NC - Haywood County,554
NC - Henderson County,373
NC - Hertford County,353
NC - Hoke County,391
NC - Hyde County,613
NC - Iredell County,574
NC - Jackson County,491
NC - Johnston County,791
NC - Jones County,471
NC - Lee County,255
NC - Lenoir County,401
NC - Lincoln County,298
NC - McDowell County,441
NC - Macon County,516
NC - Madison County,450
NC - Martin County,461
NC - Mecklenburg County,524
NC - Mitchell County,221
NC - Montgomery County,492
NC - Moore County,698
NC - Nash County,540
NC - New Hanover County,192
NC - Northampton County,537
NC - Onslow County,763
NC - Orange County,398
NC - Pamlico County,337
NC - Pasquotank County,227
NC - Pender County,870
NC - Perquimans County,247
NC - Person County,392
NC - Pitt County,652
NC - Polk County,238
NC - Randolph County,783
NC - Richmond County,474
NC - Robeson County,949
NC - Rockingham County,566
NC - Rowan County,511
NC - Rutherford County,564
NC - Sampson County,945
NC - Scotland County,319
NC - Stanly County,395
NC - Stokes County,449
NC - Surry County,532
NC - Swain County,528
NC - Transylvania County,379
NC - Tyrrell County,389
NC - Union County,632
NC - Vance County,254
NC - Wake County,835
NC - Warren County,428
NC - Washington County,348
NC - Watauga County,313
NC - Wayne County,553
NC - Wilkes County,754
NC - Wilson County,368
NC - Yadkin County,335
NC - Yancey County,313
ND - Adams County,988
ND - Barnes County,1492
ND - Benson County,1389
ND - Billings County,1149
ND - Bottineau County,1668
ND - Bowman County,1162
ND - Burke County,1104
ND - Burleigh County,1633
ND - Cass County,1765
ND - Cavalier County,1489
ND - Dickey County,1131
ND - Divide County,1261
ND - Dunn County,2008
ND - Eddy County,630
ND - Emmons County,1510
ND - Foster County,635
ND - Golden Valley County,1001
ND - Grand Forks County,1436
ND - Grant County,1659
ND - Griggs County,709
ND - Hettinger County,1132
ND - Kidder County,1351
ND - LaMoure County,1146
ND - Logan County,993
ND - McHenry County,1874
ND - McIntosh County,975
ND - McKenzie County,2760
ND - McLean County,2111
ND - Mercer County,1043
ND - Morton County,1926
ND - Mountrail County,1825
ND - Nelson County,982
ND - Oliver County,723
ND - Pembina County,1119
ND - Pierce County,1019
ND - Ramsey County,1187
ND - Ransom County,862
ND - Renville County,877
ND - Richland County,1436
ND - Rolette County,903
ND - Sargent County,859
ND - Sheridan County,972
ND - Sioux County,1094
ND - Slope County,1215
ND - Stark County,1335
ND - Steele County,712
ND - Stutsman County,2222
ND - Towner County,1025
ND - Traill County,862
ND - Walsh County,1282
ND - Ward County,2013
ND - Wells County,1271
ND - Williams County,2077
OH - Adams County,584
OH - Allen County,403
OH - Ashland County,423
OH - Ashtabula County,702
OH - Athens County,504
OH - Auglaize County,401
OH - Belmont County,532
OH - Brown County,490
OH - Butler County,467
OH - Carroll County,395
OH - Champaign County,429
OH - Clark County,397
OH - Clermont County,452
OH - Clinton County,409
OH - Columbiana County,532
OH - Coshocton County,564
OH - Crawford County,402
OH - Cuyahoga County,457
OH - Darke County,598
OH - Defiance County,411
OH - Delaware County,443
OH - Erie County,252
OH - Fairfield County,504
OH - Fayette County,406
OH - Franklin County,532
OH - Fulton County,405
OH - Gallia County,467
OH - Geauga County,400
OH - Greene County,414
OH - Guernsey County,522
OH - Hamilton County,406
OH - Hancock County,531
OH - Hardin County,470
OH - Harrison County,402
OH - Henry County,416
OH - Highland County,553
OH - Hocking County,421
OH - Holmes County,423
OH - Huron County,492
OH - Jackson County,420
OH - Jefferson County,408
OH - Knox County,525
OH - Lake County,227
OH - Lawrence County,453
OH - Licking County,683
OH - Logan County,458
OH - Lorain County,491
OH - Lucas County,341
OH - Madison County,466
OH - Mahoning County,412
OH - Marion County,404
OH - Medina County,421
OH - Meigs County,430
OH - Mercer County,462
OH - Miami County,407
OH - Monroe County,456
OH - Montgomery County,462
OH - Morgan County,416
OH - Morrow County,406
OH - Muskingum County,665
OH - Noble County,398
OH - Ottawa County,255
OH - Paulding County,416
OH - Perry County,408
OH - Pickaway County,501
OH - Pike County,440
OH - Portage County,487
OH - Preble County,424
OH - Putnam County,483
OH - Richland County,495
OH - Ross County,689
OH - Sandusky County,408
OH - Scioto County,610
OH - Seneca County,551
OH - Shelby County,408
OH - Stark County,575
OH - Summit County,413
OH - Trumbull County,618
OH - Tuscarawas County,568
OH - Union County,432
OH - Van Wert County,409
OH - Vinton County,412
OH - Warren County,401
OH - Washington County,632
OH - Wayne County,555
OH - Williams County,421
OH - Wood County,617
OH - Wyandot County,407
OK - Adair County,573
OK - Alfalfa County,866
OK - Atoka County,976
OK - Beaver County,1815
OK - Beckham County,902
OK - Blaine County,928
OK - Bryan County,904
OK - Caddo County,1278
OK - Canadian County,897
OK - Carter County,822
OK - Cherokee County,749
OK - Choctaw County,770
OK - Cimarron County,1835
OK - Cleveland County,539
OK - Coal County,517
OK - Comanche County,1069
OK - Cotton County,633
OK - Craig County,761
OK - Creek County,950
OK - Custer County,989
OK - Delaware County,738
OK - Dewey County,999
OK - Ellis County,1232
OK - Garfield County,1058
OK - Garvin County,802
OK - Grady County,1101
OK - Grant County,1001
OK - Greer County,639
OK - Harmon County,537
OK - Harper County,1039
OK - Haskell County,577
OK - Hughes County,805
OK - Jackson County,803
OK - Jefferson County,759
OK - Johnston County,643
OK - Kay County,920
OK - Kingfisher County,898
OK - Kiowa County,1015
OK - Latimer County,722
OK - Le Flore County,1589
OK - Lincoln County,952
OK - Logan County,744
OK - Love County,514
OK - McClain County,571
OK - McCurtain County,1850
OK - McIntosh County,619
OK - Major County,955
OK - Marshall County,371
OK - Mayes County,655
OK - Murray County,416
OK - Muskogee County,810
OK - Noble County,732
OK - Nowata County,566
OK - Okfuskee County,619
OK - Oklahoma County,709
OK - Okmulgee County,697
OK - Osage County,2246
OK - Ottawa County,471
OK - Pawnee County,568
OK - Payne County,685
OK - Pittsburg County,1305
OK - Pontotoc County,720
OK - Pottawatomie County,788
OK - Pushmataha County,1396
OK - Roger Mills County,1141
OK - Rogers County,676
OK - Seminole County,633
OK - Sequoyah County,673
OK - Stephens County,870
OK - Texas County,2041
OK - Tillman County,871
OK - Tulsa County,570
OK - Wagoner County,562
OK - Washington County,415
OK - Washita County,1003
OK - Woods County,1286
OK - Woodward County,1242
OR - Baker County,3068
OR - Benton County,676
OR - Clackamas County,1870
OR - Clatsop County,829
OR - Columbia County,657
OR - Coos County,1596
OR - Crook County,2979
OR - Curry County,1627
OR - Deschutes County,3018
OR - Douglas County,5036
OR - Gilliam County,1205
OR - Grant County,4529
OR - Harney County,10133
OR - Hood River County,522
OR - Jackson County,2784
OR - Jefferson County,1781
OR - Josephine County,1640
OR - Klamath County,5941
OR - Lake County,8139
OR - Lane County,4553
OR - Lincoln County,980
OR - Linn County,2290
OR - Malheur County,9888
OR - Marion County,1182
OR - Morrow County,2032
OR - Multnomah County,431
OR - Polk County,741
OR - Sherman County,824
OR - Tillamook County,1103
OR - Umatilla County,3216
OR - Union County,2037
OR - Wallowa County,3146
OR - Wasco County,2382
OR - Washington County,724
OR - Wheeler County,1715
OR - Yamhill County,716
PA - Adams County,519
PA - Allegheny County,730
PA - Armstrong County,653
PA - Beaver County,435
PA - Bedford County,1012
PA - Berks County,857
PA - Blair County,526
PA - Bradford County,1147
PA - Bucks County,604
PA - Butler County,789
PA - Cambria County,688
PA - Cameron County,396
PA - Carbon County,381
PA - Centre County,1110
PA - Chester County,751
PA - Clarion County,601
PA - Clearfield County,1145
PA - Clinton County,888
PA - Columbia County,483
PA - Crawford County,1012
PA - Cumberland County,545
PA - Dauphin County,525
PA - Delaware County,184
PA - Elk County,827
PA - Erie County,799
PA - Fayette County,790
PA - Forest County,427
PA - Franklin County,772
PA - Fulton County,438
PA - Greene County,576
PA - Huntingdon County,875
PA - Indiana County,827
PA - Jefferson County,652
PA - Juniata County,391
PA - Lackawanna County,459
PA - Lancaster County,944
PA - Lawrence County,358
PA - Lebanon County,362
PA - Lehigh County,345
PA - Luzerne County,890
PA - Lycoming County,1229
PA - McKean County,979
PA - Mercer County,673
PA - Mifflin County,411
PA - Monroe County,608
PA - Montgomery County,483
PA - Montour County,130
PA - Northampton County,370
PA - Northumberland County,458
PA - Perry County,551
PA - Philadelphia County,134
PA - Pike County,545
PA - Potter County,1081
PA - Schuylkill County,779
PA - Snyder County,329
PA - Somerset County,1074
PA - Sullivan County,450
PA - Susquehanna County,823
PA - Tioga County,1134
PA - Union County,316
PA - Venango County,674
PA - Warren County,884
PA - Washington County,857
PA - Wayne County,726
PA - Westmoreland County,1028
PA - Wyoming County,397
PA - York County,904
RI - Bristol County,24
RI - Kent County,169
RI - Newport County,102
RI - Providence County,410
RI - Washington County,329
SC - Abbeville County,490
SC - Aiken County,1071
SC - Allendale County,408
SC - Anderson County,715
SC - Bamberg County,393
SC - Barnwell County,548
SC - Beaufort County,576
SC - Berkeley County,1099
SC - Calhoun County,381
SC - Charleston County,916
SC - Cherokee County,393
SC - Chester County,581
SC - Chesterfield County,799
SC - Clarendon County,607
SC - Colleton County,1056
SC - Darlington County,561
SC - Dillon County,405
SC - Dorchester County,573
SC - Edgefield County,500
SC - Fairfield County,686
SC - Florence County,800
SC - Georgetown County,814
SC - Greenville County,785
SC - Greenwood County,455
SC - Hampton County,560
SC - Horry County,1134
SC - Jasper County,655
SC - Kershaw County,727
SC - Lancaster County,549
SC - Laurens County,714
SC - Lee County,410
SC - Lexington County,699
SC - McCormick County,359
SC - Marion County,489
SC - Marlboro County,480
SC - Newberry County,630
SC - Oconee County,626
SC - Orangeburg County,1106
SC - Pickens County,496
SC - Richland County,757
SC - Saluda County,453
SC - Spartanburg County,808
SC - Sumter County,665
SC - Union County,514
SC - Williamsburg County,934
SC - York County,681
SD - Aurora County,708
SD - Beadle County,1259
SD - Bennett County,1185
SD - Bon Homme County,564
SD - Brookings County,792
SD - Brown County,1713
SD - Brule County,817
SD - Buffalo County,471
SD - Butte County,2250
SD - Campbell County,734
SD - Charles Mix County,1097
SD - Clark County,958
SD - Clay County,412
SD - Codington County,689
SD - Corson County,2470
SD - Custer County,1557
SD - Davison County,436
SD - Day County,1028
SD - Deuel County,623
SD - Dewey County,2302
SD - Douglas County,432
SD - Edmunds County,1126
SD - Fall River County,1740
SD - Faulk County,982
SD - Grant County,681
SD - Gregory County,1015
SD - Haakon County,1811
SD - Hamlin County,507
SD - Hand County,1437
SD - Hanson County,435
SD - Harding County,2671
SD - Hughes County,742
SD - Hutchinson County,813
SD - Hyde County,861
SD - Jackson County,1864
SD - Jerauld County,526
SD - Jones County,970
SD - Kingsbury County,832
SD - Lake County,563
SD - Lawrence County,800
SD - Lincoln County,577
SD - Lyman County,1642
SD - McCook County,574
SD - McPherson County,1137
SD - Marshall County,838
SD - Meade County,3471
SD - Mellette County,1307
SD - Miner County,570
SD - Minnehaha County,807
SD - Moody County,519
SD - Pennington County,2777
SD - Perkins County,2870
SD - Potter County,861
SD - Roberts County,1101
SD - Sanborn County,569
SD - Shannon County,2094
SD - Spink County,1504
SD - Stanley County,1444
SD - Sully County,1007
SD - Todd County,1389
SD - Tripp County,1612
SD - Turner County,617
SD - Union County,461
SD - Walworth County,709
SD - Yankton County,521
SD - Ziebach County,1961
TN - Anderson County,337
TN - Bedford County,474
TN - Benton County,394
TN - Bledsoe County,406
TN - Blount County,559
TN - Bradley County,329
TN - Campbell County,480
TN - Cannon County,266
TN - Carroll County,599
TN - Carter County,341
TN - Cheatham County,302
TN - Chester County,286
TN - Claiborne County,435
TN - Clay County,237
TN - Cocke County,435
TN - Coffee County,429
TN - Crockett County,266
TN - Cumberland County,681
TN - Davidson County,504
TN - Decatur County,334
TN - DeKalb County,304
TN - Dickson County,490
TN - Dyer County,512
TN - Fayette County,705
TN - Fentress County,499
TN - Franklin County,555
TN - Gibson County,603
TN - Giles County,611
TN - Grainger County,281
TN - Greene County,622
TN - Grundy County,361
TN - Hamblen County,161
TN - Hamilton County,542
TN - Hancock County,222
TN - Hardeman County,668
TN - Hardin County,577
TN - Hawkins County,487
TN - Haywood County,533
TN - Henderson County,520
TN - Henry County,562
TN - Hickman County,613
TN - Houston County,200
TN - Humphreys County,531
TN - Jackson County,308
TN - Jefferson County,274
TN - Johnson County,298
TN - Knox County,508
TN - Lake County,166
TN - Lauderdale County,472
TN - Lawrence County,617
TN - Lewis County,282
TN - Lincoln County,570
TN - Loudon County,229
TN - McMinn County,430
TN - McNairy County,563
TN - Macon County,307
TN - Madison County,557
TN - Marion County,498
TN - Marshall County,375
TN - Maury County,613
TN - Meigs County,195
TN - Monroe County,636
TN - Montgomery County,539
TN - Moore County,129
TN - Morgan County,522
TN - Obion County,545
TN - Overton County,433
TN - Perry County,415
TN - Pickett County,163
TN - Polk County,435
TN - Putnam County,401
TN - Rhea County,315
TN - Roane County,361
TN - Robertson County,476
TN - Rutherford County,619
TN - Scott County,532
TN - Sequatchie County,266
TN - Sevier County,593
TN - Shelby County,763
TN - Smith County,314
TN - Stewart County,459
TN - Sullivan County,413
TN - Sumner County,529
TN - Tipton County,458
TN - Trousdale County,114
TN - Unicoi County,186
TN - Union County,224
TN - Van Buren County,273
TN - Warren County,433
TN - Washington County,326
TN - Wayne County,734
TN - Weakley County,580
TN - White County,377
TN - Williamson County,583
TN - Wilson County,571
TX - Anderson County,1063
TX - Andrews County,1501
TX - Angelina County,798
TX - Aransas County,252
TX - Archer County,903
TX - Armstrong County,909
TX - Atascosa County,1220
TX - Austin County,647
TX - Bailey County,827
TX - Bandera County,791
TX - Bastrop County,888
TX - Baylor County,867
TX - Bee County,880
TX - Bell County,1051
TX - Bexar County,1240
TX - Blanco County,709
TX - Borden County,897
TX - Bosque County,983
TX - Bowie County,885
TX - Brazoria County,1358
TX - Brazos County,585
TX - Brewster County,6184
TX - Briscoe County,900
TX - Brooks County,943
TX - Brown County,944
TX - Burleson County,659
TX - Burnet County,994
TX - Caldwell County,545
TX - Calhoun County,507
TX - Callahan County,899
TX - Cameron County,891
TX - Camp County,196
TX - Carson County,920
TX - Cass County,937
TX - Castro County,894
TX - Chambers County,597
TX - Cherokee County,1053
TX - Childress County,696
TX - Clay County,1089
TX - Cochran County,775
TX - Coke County,911
TX - Coleman County,1262
TX - Collin County,841
TX - Collingsworth County,918
TX - Colorado County,960
TX - Comal County,559
TX - Comanche County,938
TX - Concho County,984
TX - Cooke County,875
TX - Coryell County,1052
TX - Cottle County,901
TX - Crane County,785
TX - Crockett County,2807
TX - Crosby County,900
TX - Culberson County,3813
TX - Dallam County,1503
TX - Dallas County,871
TX - Dawson County,900
TX - Deaf Smith County,1497
TX - Delta County,257
TX - Denton County,878
TX - DeWitt County,909
TX - Dickens County,902
TX - Dimmit County,1329
TX - Donley County,927
TX - Duval County,1793
TX - Eastland County,926
TX - Ector County,898
TX - Edwards County,2118
TX - Ellis County,935
TX - El Paso County,1013
TX - Erath County,1083
TX - Falls County,765
TX - Fannin County,891
TX - Fayette County,950
TX - Fisher County,899
TX - Floyd County,992
TX - Foard County,704
TX - Fort Bend County,861
TX - Franklin County,284
TX - Freestone County,878
TX - Frio County,1134
TX - Gaines County,1502
TX - Galveston County,378
TX - Garza County,893
TX - Gillespie County,1058
TX - Glasscock County,900
TX - Goliad County,852
TX - Gonzales County,1067
TX - Gray County,926
TX - Grayson County,933
TX - Gregg County,273
TX - Grimes County,787
TX - Guadalupe County,711
TX - Hale County,1005
TX - Hall County,883
TX - Hamilton County,836
TX - Hansford County,920
TX - Hardeman County,695
TX - Hardin County,891
TX - Harris County,1703
TX - Harrison County,900
TX - Hartley County,1462
TX - Haskell County,903
TX - Hays County,678
TX - Hemphill County,906
TX - Henderson County,874
TX - Hidalgo County,1571
TX - Hill County,959
TX - Hockley County,908
TX - Hood County,421
TX - Hopkins County,767
TX - Houston County,1231
TX - Howard County,901
TX - Hudspeth County,4571
TX - Hunt County,840
TX - Hutchinson County,887
TX - Irion County,1052
TX - Jack County,911
TX - Jackson County,829
TX - Jasper County,939
TX - Jeff Davis County,2265
TX - Jefferson County,876
TX - Jim Hogg County,1136
TX - Jim Wells County,865
TX - Johnson County,725
TX - Jones County,929
TX - Karnes County,748
TX - Kaufman County,781
TX - Kendall County,662
TX - Kenedy County,1458
TX - Kent County,903
TX - Kerr County,1103
TX - Kimble County,1251
TX - King County,911
TX - Kinney County,1360
TX - Kleberg County,881
TX - Knox County,851
TX - Lamar County,907
TX - Lamb County,1016
TX - Lampasas County,713
TX - La Salle County,1487
TX - Lavaca County,970
TX - Lee County,629
TX - Leon County,1073
TX - Liberty County,1158
TX - Limestone County,905
TX - Lipscomb County,932
TX - Live Oak County,1040
TX - Llano County,934
TX - Loving County,669
TX - Lubbock County,896
TX - Lynn County,892
TX - McCulloch County,1066
TX - McLennan County,1037
TX - McMullen County,1139
TX - Madison County,466
TX - Marion County,381
TX - Martin County,915
TX - Mason County,929
TX - Matagorda County,1100
TX - Maverick County,1279
TX - Medina County,1325
TX - Menard County,902
TX - Midland County,900
TX - Milam County,1017
TX - Mills County,748
TX - Mitchell County,911
TX - Montague County,931
TX - Montgomery County,1042
TX - Moore County,900
TX - Morris County,252
TX - Motley County,990
TX - Nacogdoches County,947
TX - Navarro County,1010
TX - Newton County,934
TX - Nolan County,912
TX - Nueces County,838
TX - Ochiltree County,918
TX - Oldham County,1501
TX - Orange County,334
TX - Palo Pinto County,952
TX - Panola County,802
TX - Parker County,903
TX - Parmer County,881
TX - Pecos County,4764
TX - Polk County,1057
TX - Potter County,908
TX - Presidio County,3855
TX - Rains County,229
TX - Randall County,912
TX - Reagan County,1175
TX - Real County,699
TX - Red River County,1037
TX - Reeves County,2635
TX - Refugio County,770
TX - Roberts County,924
TX - Robertson County,856
TX - Rockwall County,127
TX - Runnels County,1051
TX - Rusk County,924
TX - Sabine County,491
TX - San Augustine County,531
TX - San Jacinto County,569
TX - San Patricio County,693
TX - San Saba County,1135
TX - Schleicher County,1311
TX - Scurry County,905
TX - Shackelford County,914
TX - Shelby County,796
TX - Sherman County,923
TX - Smith County,921
TX - Somervell County,186
TX - Starr County,1223
TX - Stephens County,897
TX - Sterling County,923
TX - Stonewall County,916
TX - Sutton County,1454
TX - Swisher County,890
TX - Tarrant County,864
TX - Taylor County,916
TX - Terrell County,2358
TX - Terry County,889
TX - Throckmorton County,913
TX - Titus County,406
TX - Tom Green County,1522
TX - Travis County,990
TX - Trinity County,694
TX - Tyler County,925
TX - Upshur County,583
TX - Upton County,1241
TX - Uvalde County,1552
TX - Val Verde County,3145
TX - Van Zandt County,843
TX - Victoria County,882
TX - Walker County,784
TX - Waller County,513
TX - Ward County,836
TX - Washington County,604
TX - Webb County,3361
TX - Wharton County,1086
TX - Wheeler County,915
TX - Wichita County,628
TX - Wilbarger County,971
TX - Willacy County,591
TX - Williamson County,1118
TX - Wilson County,804
TX - Winkler County,841
TX - Wise County,904
TX - Wood County,645
TX - Yoakum County,800
TX - Young County,914
TX - Zapata County,998
TX - Zavala County,1297
UT - Beaver County,2590
UT - Box Elder County,5746
UT - Cache County,1165
UT - Carbon County,1478
UT - Daggett County,697
UT - Davis County,299
UT - Duchesne County,3241
UT - Emery County,4462
UT - Garfield County,5175
UT - Grand County,3672
UT - Iron County,3297
UT - Juab County,3392
UT - Kane County,3990
UT - Millard County,6572
UT - Morgan County,609
UT - Piute County,758
UT - Rich County,1029
UT - Salt Lake County,742
UT - San Juan County,7820
UT - Sanpete County,1590
UT - Sevier County,1911
UT - Summit County,1872
UT - Tooele County,6941
UT - Uintah County,4480
UT - Utah County,2003
UT - Wasatch County,1176
UT - Washington County,2426
UT - Wayne County,2461
UT - Weber County,576
VT - Addison County,766
VT - Bennington County,675
VT - Caledonia County,649
VT - Chittenden County,537
VT - Essex County,664
VT - Franklin County,634
VT - Grand Isle County,82
VT - Lamoille County,459
VT - Orange County,687
VT - Orleans County,693
VT - Rutland County,930
VT - Washington County,687
VT - Windham County,785
VT - Windsor County,969
VA - Accomack County,450
VA - Albemarle County,721
VA - Alleghany County,445
VA - Amelia County,355
VA - Amherst County,474
VA - Appomattox County,333
VA - Arlington County,26
VA - Augusta County,967
VA - Bath County,529
VA - Bedford County,753
VA - Bland County,358
VA - Botetourt County,541
VA - Brunswick County,566
VA - Buchanan County,503
VA - Buckingham County,580
VA - Campbell County,504
VA - Caroline County,528
VA - Carroll County,475
VA - Charles City County,183
VA - Charlotte County,475
VA - Chesterfield County,423
VA - Clarke County,176
VA - Craig County,330
VA - Culpeper County,379
VA - Cumberland County,297
VA - Dickenson County,331
VA - Dinwiddie County,504
VA - Essex County,257
VA - Fairfax County,391
VA - Fauquier County,647
VA - Floyd County,380
VA - Fluvanna County,286
VA - Franklin County,690
VA - Frederick County,414
VA - Giles County,356
VA - Gloucester County,218
VA - Goochland County,281
VA - Grayson County,442
VA - Greene County,156
VA - Greensville County,295
VA - Halifax County,818
VA - Hanover County,469
VA - Henrico County,234
VA - Henry County,382
VA - Highland County,415
VA - Isle of Wight County,316
VA - James City County,142
VA - King and Queen County,315
VA - King George County,180
VA - King William County,274
VA - Lancaster County,133
VA - Lee County,436
VA - Loudoun County,516
VA - Louisa County,496
VA - Lunenburg County,432
VA - Madison County,321
VA - Mathews County,86
VA - Mecklenburg County,625
VA - Middlesex County,130
VA - Montgomery County,387
VA - Nelson County,471
VA - New Kent County,210
VA - Northampton County,212
VA - Northumberland County,191
VA - Nottoway County,314
VA - Orange County,341
VA - Page County,311
VA - Patrick County,483
VA - Pittsylvania County,969
VA - Powhatan County,260
VA - Prince Edward County,350
VA - Prince George County,265
VA - Prince William County,336
VA - Pulaski County,320
VA - Rappahannock County,266
VA - Richmond County,191
VA - Roanoke County,251
VA - Rockbridge County,598
VA - Rockingham County,849
VA - Russell County,474
VA - Scott County,536
VA - Shenandoah County,509
VA - Smyth County,451
VA - Southampton County,599
VA - Spotsylvania County,402
VA - Stafford County,269
VA - Surry County,279
VA - Sussex County,490
VA - Tazewell County,519
VA - Warren County,213
VA - Washington County,561
VA - Westmoreland County,229
VA - Wise County,403
VA - Wythe County,462
VA - York County,105
VA - Alexandria County,15
VA - Bedford County,7
VA - Bristol County,13
VA - Buena Vista County,7
VA - Charlottesville County,10
VA - Chesapeake County,341
VA - Clifton Forge County,0
VA - Colonial Heights County,8
VA - Covington County,5
VA - Danville County,43
VA - Emporia County,7
VA - Fairfax County,6
VA - Falls Church County,2
VA - Franklin County,8
VA - Fredericksburg County,10
VA - Galax County,8
VA - Hampton County,51
VA - Harrisonburg County,17
VA - Hopewell County,10
VA - Lexington County,3
VA - Lynchburg County,49
VA - Manassas County,10
VA - Manassas Park County,3
VA - Martinsville County,11
VA - Newport News County,69
VA - Norfolk County,54
VA - Norton County,7
VA - Petersburg County,23
VA - Poquoson County,15
VA - Portsmouth County,34
VA - Radford County,10
VA - Richmond County,60
VA - Roanoke County,43
VA - Salem County,14
VA - South Boston County,0
VA - Staunton County,20
VA - Suffolk County,400
VA - Virginia Beach County,249
VA - Waynesboro County,15
VA - Williamsburg County,9
VA - Winchester County,9
WA - Adams County,1925
WA - Asotin County,636
WA - Benton County,1700
WA - Chelan County,2921
WA - Clallam County,1738
WA - Clark County,629
WA - Columbia County,869
WA - Cowlitz County,1140
WA - Douglas County,1819
WA - Ferry County,2203
WA - Franklin County,1242
WA - Garfield County,711
WA - Grant County,2680
WA - Grays Harbor County,1902
WA - Island County,208
WA - Jefferson County,1804
WA - King County,2116
WA - Kitsap County,395
WA - Kittitas County,2297
WA - Klickitat County,1871
WA - Lewis County,2403
WA - Lincoln County,2310
WA - Mason County,959
WA - Okanogan County,5268
WA - Pacific County,933
WA - Pend Oreille County,1400
WA - Pierce County,1670
WA - San Juan County,174
WA - Skagit County,1731
WA - Skamania County,1656
WA - Snohomish County,2087
WA - Spokane County,1764
WA - Stevens County,2478
WA - Thurston County,722
WA - Wahkiakum County,263
WA - Walla Walla County,1270
WA - Whatcom County,2107
WA - Whitman County,2159
WA - Yakima County,4295
WV - Barbour County,341
WV - Berkeley County,321
WV - Boone County,502
WV - Braxton County,511
WV - Brooke County,89
WV - Cabell County,281
WV - Calhoun County,279
WV - Clay County,342
WV - Doddridge County,320
WV - Fayette County,662
WV - Gilmer County,339
WV - Grant County,477
WV - Greenbrier County,1020
WV - Hampshire County,640
WV - Hancock County,83
WV - Hardy County,582
WV - Harrison County,416
WV - Jackson County,464
WV - Jefferson County,210
WV - Kanawha County,902
WV - Lewis County,385
WV - Lincoln County,437
WV - Logan County,454
WV - McDowell County,533
WV - Marion County,309
WV - Marshall County,305
WV - Mason County,431
WV - Mercer County,419
WV - Mineral County,328
WV - Mingo County,423
WV - Monongalia County,360
WV - Monroe County,473
WV - Morgan County,229
WV - Nicholas County,647
WV - Ohio County,106
WV - Pendleton County,696
WV - Pleasants County,130
WV - Pocahontas County,940
WV - Preston County,649
WV - Putnam County,346
WV - Raleigh County,605
WV - Randolph County,1040
WV - Ritchie County,452
WV - Roane County,484
WV - Summers County,360
WV - Taylor County,173
WV - Tucker County,419
WV - Tyler County,256
WV - Upshur County,355
WV - Wayne County,506
WV - Webster County,553
WV - Wetzel County,358
WV - Wirt County,233
WV - Wood County,366
WV - Wyoming County,499
WI - Adams County,646
WI - Ashland County,1045
WI - Barron County,863
WI - Bayfield County,1478
WI - Brown County,530
WI - Buffalo County,672
WI - Burnett County,822
WI - Calumet County,318
WI - Chippewa County,1008
WI - Clark County,1210
WI - Columbia County,766
WI - Crawford County,571
WI - Dane County,1197
WI - Dodge County,876
WI - Door County,482
WI - Douglas County,1304
WI - Dunn County,850
WI - Eau Claire County,638
WI - Florence County,488
WI - Fond du Lac County,720
WI - Forest County,1014
WI - Grant County,1147
WI - Green County,584
WI - Green Lake County,349
WI - Iowa County,763
WI - Iron County,758
WI - Jackson County,988
WI - Jefferson County,556
WI - Juneau County,767
WI - Kenosha County,272
WI - Kewaunee County,343
WI - La Crosse County,452
WI - Lafayette County,634
WI - Langlade County,871
WI - Lincoln County,879
WI - Manitowoc County,589
WI - Marathon County,1545
WI - Marinette County,1399
WI - Marquette County,456
WI - Menominee County,358
WI - Milwaukee County,241
WI - Monroe County,901
WI - Oconto County,998
WI - Oneida County,1113
WI - Outagamie County,638
WI - Ozaukee County,233
WI - Pepin County,232
WI - Pierce County,574
WI - Polk County,914
WI - Portage County,801
WI - Price County,1254
WI - Racine County,333
WI - Richland County,586
WI - Rock County,718
WI - Rusk County,914
WI - St. Croix County,722
WI - Sauk County,831
WI - Sawyer County,1257
WI - Shawano County,893
WI - Sheboygan County,511
WI - Taylor County,975
WI - Trempealeau County,733
WI - Vernon County,792
WI - Vilas County,857
WI - Walworth County,555
WI - Washburn County,797
WI - Washington County,431
WI - Waukesha County,550
WI - Waupaca County,748
WI - Waushara County,626
WI - Winnebago County,434
WI - Wood County,793
WY - Albany County,4274
WY - Big Horn County,3137
WY - Campbell County,4803
WY - Carbon County,7898
WY - Converse County,4255
WY - Crook County,2854
WY - Fremont County,9184
WY - Goshen County,2225
WY - Hot Springs County,2004
WY - Johnson County,4154
WY - Laramie County,2686
WY - Lincoln County,4076
WY - Natrona County,5340
WY - Niobrara County,2626
WY - Park County,6942
WY - Platte County,2084
WY - Sheridan County,2524
WY - Sublette County,4887
WY - Sweetwater County,10427
WY - Teton County,3995
WY - Uinta County,2081
WY - Washakie County,2239
WY - Weston County,2398
