ID,Population
AL - Autauga County,58877
AL - Baldwin County,233140
AL - Barbour County,25180
AL - Bibb County,22223
AL - Blount County,59081
AL - Bullock County,10309
AL - Butler County,19045
AL - Calhoun County,116266
AL - Chambers County,34678
AL - Cherokee County,24958
AL - Chilton County,45024
AL - Choctaw County,12619
AL - Clarke County,22995
AL - Clay County,14193
AL - Cleburne County,15035
AL - Coffee County,53565
AL - Colbert County,57236
AL - Conecuh County,11552
AL - Coosa County,10383
AL - Covington County,37469
AL - Crenshaw County,13157
AL - Cullman County,88044
AL - Dale County,49214
AL - Dallas County,38190
AL - DeKalb County,71630
AL - Elmore County,88116
AL - Escambia County,36665
AL - Etowah County,103393
AL - Fayette County,16307
AL - Franklin County,32063
AL - Geneva County,26675
AL - Greene County,7704
AL - Hale County,14792
AL - Henry County,17167
AL - Houston County,107190
AL - Jackson County,52519
AL - Jefferson County,673341
AL - Lamar County,13943
AL - Lauderdale County,93610
AL - Lawrence County,33063
AL - Lee County,174601
AL - Limestone County,104322
AL - Lowndes County,10297
AL - Macon County,19476
AL - Madison County,389696
AL - Marengo County,19264
AL - Marion County,29287
AL - Marshall County,97608
AL - Mobile County,414250
AL - Monroe County,19723
AL - Montgomery County,228448
AL - Morgan County,123336
AL - Perry County,8452
AL - Pickens County,19062
AL - Pike County,32981
AL - Randolph County,21971
AL - Russell County,59226
AL - St. Clair County,91333
AL - Shelby County,223708
AL - Sumter County,12295
AL - Talladega County,82069
AL - Tallapoosa County,41229
AL - Tuscaloosa County,227153
AL - Walker County,65100
AL - Washington County,15296
AL - Wilcox County,10518
AL - Winston County,23491
AK - Aleutians East Borough,3418
AK - Aleutians West Census Area,5206
AK - Anchorage Municipality,290637
AK - Bethel Census Area,18648
AK - Bristol Bay Borough,831
AK - Chugach Census Area,7073
AK - Copper River Census Area,2616
AK - Denali Borough,1611
AK - Dillingham Census Area,4839
AK - Fairbanks North Star Borough,95286
AK - Haines Borough,2085
AK - Hoonah-Angoon Census Area,2361
AK - Juneau City and Borough,32195
AK - Kenai Peninsula Borough,58893
AK - Ketchikan Gateway Borough,13902
AK - Kodiak Island Borough,13023
AK - Kusilvak Census Area,8357
AK - Lake and Peninsula Borough,1454
AK - Matanuska-Susitna Borough,107460
AK - Nome Census Area,10032
AK - North Slope Borough,10993
AK - Northwest Arctic Borough,7784
AK - Petersburg Borough,3401
AK - Prince of Wales-Hyder Census Area,5725
AK - Sitka City and Borough,8428
AK - Skagway Municipality,1239
AK - Southeast Fairbanks Census Area,6831
AK - Wrangell City and Borough,2130
AK - Yakutat City and Borough,683
AK - Yukon-Koyukuk Census Area,5300
AZ - Apache County,65897
AZ - Cochise County,125398
AZ - Coconino County,145116
AZ - Gila County,53306
AZ - Graham County,38614
AZ - Greenlee County,9522
AZ - La Paz County,16580
AZ - Maricopa County,4438342
AZ - Mohave County,214070
AZ - Navajo County,106802
AZ - Pima County,1045599
AZ - Pinal County,429583
AZ - Santa Cruz County,47653
AZ - Yavapai County,237067
AZ - Yuma County,204437
AR - Arkansas County,17105
AR - Ashley County,18960
AR - Baxter County,41655
AR - Benton County,286353
AR - Boone County,37352
AR - Bradley County,10498
AR - Calhoun County,4725
AR - Carroll County,28202
AR - Chicot County,10143
AR - Clark County,21362
AR - Clay County,14508
AR - Cleburne County,24665
AR - Cleveland County,7544
AR - Columbia County,22741
AR - Conway County,20729
AR - Craighead County,111576
AR - Crawford County,60107
AR - Crittenden County,48067
AR - Cross County,16762
AR - Dallas County,6445
AR - Desha County,11330
AR - Drew County,17309
AR - Faulkner County,123666
AR - Franklin County,17122
AR - Fulton County,12033
AR - Garland County,100162
AR - Grant County,17975
AR - Greene County,45818
AR - Hempstead County,19993
AR - Hot Spring County,33034
AR - Howard County,12755
AR - Independence County,37892
AR - Izard County,13576
AR - Jackson County,16737
AR - Jefferson County,66811
AR - Johnson County,25692
AR - Lafayette County,6294
AR - Lawrence County,16196
AR - Lee County,8529
AR - Lincoln County,12879
AR - Little River County,11971
AR - Logan County,21097
AR - Lonoke County,74042
AR - Madison County,16551
AR - Marion County,16862
AR - Miller County,42570
AR - Mississippi County,40503
AR - Monroe County,6765
AR - Montgomery County,8459
AR - Nevada County,8284
AR - Newton County,7198
AR - Ouachita County,22592
AR - Perry County,9997
AR - Phillips County,16445
AR - Pike County,10165
AR - Poinsett County,22893
AR - Polk County,19182
AR - Pope County,63346
AR - Prairie County,8248
AR - Pulaski County,399073
AR - Randolph County,18581
AR - St. Francis County,23046
AR - Saline County,123681
AR - Scott County,9811
AR - Searcy County,7827
AR - Sebastian County,127739
AR - Sevier County,15778
AR - Sharp County,17282
AR - Stone County,12364
AR - Union County,38925
AR - Van Buren County,15765
AR - Washington County,246662
AR - White County,76810
AR - Woodruff County,6200
AR - Yell County,20216
CA - Alameda County,1679844
CA - Alpine County,1198
CA - Amador County,40541
CA - Butte County,210083
CA - Calaveras County,45327
CA - Colusa County,21853
CA - Contra Costa County,1165562
CA - Del Norte County,27709
CA - El Dorado County,191114
CA - Fresno County,1008966
CA - Glenn County,28893
CA - Humboldt County,136351
CA - Imperial County,179489
CA - Inyo County,19023
CA - Kern County,909997
CA - Kings County,152627
CA - Lake County,68174
CA - Lassen County,32719
CA - Los Angeles County,9989165
CA - Madera County,156620
CA - Marin County,261776
CA - Mariposa County,17124
CA - Mendocino County,91354
CA - Merced County,281726
CA - Modoc County,8658
CA - Mono County,13206
CA - Monterey County,438500
CA - Napa County,137608
CA - Nevada County,102199
CA - Orange County,3184101
CA - Placer County,405741
CA - Plumas County,19769
CA - Riverside County,2422764
CA - Sacramento County,1586241
CA - San Benito County,64507
CA - San Bernardino County,2182740
CA - San Diego County,3297252
CA - San Francisco County,870014
CA - San Joaquin County,780517
CA - San Luis Obispo County,282231
CA - San Mateo County,762453
CA - Santa Barbara County,448096
CA - Santa Clara County,1930598
CA - Santa Cruz County,270353
CA - Shasta County,181893
CA - Sierra County,3228
CA - Siskiyou County,43962
CA - Solano County,453274
CA - Sonoma County,488345
CA - Stanislaus County,552710
CA - Sutter County,99480
CA - Tehama County,65615
CA - Trinity County,16088
CA - Tulare County,473736
CA - Tuolumne County,55516
CA - Ventura County,842921
CA - Yolo County,216255
CA - Yuba County,81932
CO - Adams County,520163
CO - Alamosa County,16362
CO - Arapahoe County,655112
CO - Archuleta County,13424
CO - Baca County,3486
CO - Bent County,5635
CO - Boulder County,330811
CO - Broomfield County,74513
CO - Chaffee County,19571
CO - Cheyenne County,1736
CO - Clear Creek County,9404
CO - Conejos County,7464
CO - Costilla County,3506
CO - Crowley County,5893
CO - Custer County,4712
CO - Delta County,31232
CO - Denver County,717630
CO - Dolores County,2338
CO - Douglas County,360102
CO - Eagle County,55665
CO - Elbert County,26206
CO - El Paso County,731847
CO - Fremont County,48981
CO - Garfield County,61776
CO - Gilpin County,5810
CO - Grand County,15733
CO - Gunnison County,16945
CO - Hinsdale County,794
CO - Huerfano County,6810
CO - Jackson County,1376
CO - Jefferson County,582928
CO - Kiowa County,1452
CO - Kit Carson County,7064
CO - Lake County,7409
CO - La Plata County,55642
CO - Larimer County,359686
CO - Las Animas County,14564
CO - Lincoln County,5669
CO - Logan County,21495
CO - Mesa County,155939
CO - Mineral County,867
CO - Moffat County,13267
CO - Montezuma County,25858
CO - Montrose County,42798
CO - Morgan County,29065
CO - Otero County,18667
CO - Ouray County,4869
CO - Park County,17421
CO - Phillips County,4534
CO - Pitkin County,17342
CO - Prowers County,11986
CO - Pueblo County,168467
CO - Rio Blanco County,6518
CO - Rio Grande County,11538
CO - Routt County,24839
CO - Saguache County,6383
CO - San Juan County,710
CO - San Miguel County,8055
CO - Sedgwick County,2390
CO - Summit County,30971
CO - Teller County,24726
CO - Washington County,4815
CO - Weld County,331358
CO - Yuma County,9979
CT - Fairfield County,955895
CT - Hartford County,897932
CT - Litchfield County,184874
CT - Middlesex County,163923
CT - New Haven County,863498
CT - New London County,268248
CT - Tolland County,149650
CT - Windham County,116240
DE - Kent County,182256
DE - New Castle County,570718
DE - Sussex County,238912
FL - Alachua County,278684
FL - Baker County,28309
FL - Bay County,174461
FL - Bradford County,28364
FL - Brevard County,608007
FL - Broward County,1941516
FL - Calhoun County,13615
FL - Charlotte County,187960
FL - Citrus County,154403
FL - Clay County,218797
FL - Collier County,377079
FL - Columbia County,69889
FL - DeSoto County,34080
FL - Dixie County,16805
FL - Duval County,996373
FL - Escambia County,322424
FL - Flagler County,115968
FL - Franklin County,12456
FL - Gadsden County,43701
FL - Gilchrist County,17928
FL - Glades County,12179
FL - Gulf County,14181
FL - Hamilton County,13988
FL - Hardee County,25313
FL - Hendry County,39707
FL - Hernando County,195508
FL - Highlands County,101222
FL - Hillsborough County,1463380
FL - Holmes County,19622
FL - Indian River County,160345
FL - Jackson County,47214
FL - Jefferson County,14560
FL - Lafayette County,8252
FL - Lake County,385875
FL - Lee County,764679
FL - Leon County,292378
FL - Levy County,43051
FL - Liberty County,7974
FL - Madison County,17976
FL - Manatee County,401443
FL - Marion County,377370
FL - Martin County,158529
FL - Miami-Dade County,2692459
FL - Monroe County,82809
FL - Nassau County,90993
FL - Okaloosa County,211809
FL - Okeechobee County,39641
FL - Orange County,1429899
FL - Osceola County,390855
FL - Palm Beach County,1492466
FL - Pasco County,565745
FL - Pinellas County,958752
FL - Polk County,729233
FL - Putnam County,73347
FL - St. Johns County,276916
FL - St. Lucie County,331275
FL - Santa Rosa County,189133
FL - Sarasota County,435664
FL - Seminole County,471058
FL - Sumter County,130897
FL - Suwannee County,43510
FL - Taylor County,21760
FL - Union County,16126
FL - Volusia County,554901
FL - Wakulla County,33907
FL - Walton County,75855
FL - Washington County,25357
GA - Appling County,18428
GA - Atkinson County,8301
GA - Bacon County,11123
GA - Baker County,2844
GA - Baldwin County,43773
GA - Banks County,18069
GA - Barrow County,83963
GA - Bartow County,109311
GA - Ben Hill County,17153
GA - Berrien County,18159
GA - Bibb County,157104
GA - Bleckley County,12577
GA - Brantley County,18040
GA - Brooks County,16232
GA - Bryan County,44999
GA - Bulloch County,81378
GA - Burke County,24621
GA - Butts County,25542
GA - Calhoun County,5560
GA - Camden County,54911
GA - Candler County,11001
GA - Carroll County,119463
GA - Catoosa County,67976
GA - Charlton County,12530
GA - Chatham County,294904
GA - Chattahoochee County,9482
GA - Chattooga County,24921
GA - Cherokee County,268043
GA - Clarke County,128489
GA - Clay County,2835
GA - Clayton County,297417
GA - Clinch County,6723
GA - Cobb County,766209
GA - Coffee County,43047
GA - Colquitt County,45866
GA - Columbia County,156773
GA - Cook County,17232
GA - Coweta County,146653
GA - Crawford County,12100
GA - Crisp County,20042
GA - Dade County,16224
GA - Dawson County,27047
GA - Decatur County,29338
GA - DeKalb County,763831
GA - Dodge County,19849
GA - Dooly County,11142
GA - Dougherty County,85366
GA - Douglas County,144497
GA - Early County,10813
GA - Echols County,3696
GA - Effingham County,65150
GA - Elbert County,19627
GA - Emanuel County,22730
GA - Evans County,10757
GA - Fannin County,25396
GA - Fayette County,119441
GA - Floyd County,98593
GA - Forsyth County,252786
GA - Franklin County,23429
GA - Fulton County,1069023
GA - Gilmer County,31429
GA - Glascock County,2883
GA - Glynn County,84470
GA - Gordon County,57696
GA - Grady County,26221
GA - Greene County,19025
GA - Gwinnett County,957801
GA - Habersham County,46105
GA - Hall County,203589
GA - Hancock County,8722
GA - Haralson County,29985
GA - Harris County,34927
GA - Hart County,25866
GA - Heard County,11465
GA - Henry County,241818
GA - Houston County,164242
GA - Irwin County,9643
GA - Jackson County,76712
GA - Jasper County,14638
GA - Jeff Davis County,14777
GA - Jefferson County,15658
GA - Jenkins County,8662
GA - Johnson County,9168
GA - Jones County,28356
GA - Lamar County,18550
GA - Lanier County,9916
GA - Laurens County,49497
GA - Lee County,33179
GA - Liberty County,65220
GA - Lincoln County,7704
GA - Long County,16287
GA - Lowndes County,118316
GA - Lumpkin County,33596
GA - McDuffie County,21587
GA - McIntosh County,10982
GA - Macon County,12021
GA - Madison County,30263
GA - Marion County,7520
GA - Meriwether County,20619
GA - Miller County,5987
GA - Mitchell County,21677
GA - Monroe County,28046
GA - Montgomery County,8577
GA - Morgan County,20174
GA - Murray County,39938
GA - Muscogee County,206960
GA - Newton County,112780
GA - Oconee County,42021
GA - Oglethorpe County,14865
GA - Paulding County,169660
GA - Peach County,28035
GA - Pickens County,33333
GA - Pierce County,19722
GA - Pike County,18935
GA - Polk County,42925
GA - Pulaski County,9863
GA - Putnam County,22140
GA - Quitman County,2224
GA - Rabun County,16894
GA - Randolph County,6377
GA - Richmond County,206328
GA - Rockdale County,93614
GA - Schley County,4538
GA - Screven County,14060
GA - Seminole County,9138
GA - Spalding County,67413
GA - Stephens County,26800
GA - Stewart County,5295
GA - Sumter County,29553
GA - Talbot County,5731
GA - Taliaferro County,1557
GA - Tattnall County,22852
GA - Taylor County,7814
GA - Telfair County,12461
GA - Terrell County,9153
GA - Thomas County,45766
GA - Tift County,41348
GA - Toombs County,27052
GA - Towns County,12539
GA - Treutlen County,6390
GA - Troup County,69388
GA - Turner County,8971
GA - Twiggs County,7986
GA - Union County,24766
GA - Upson County,27712
GA - Walker County,67711
GA - Walton County,97135
GA - Ware County,36218
GA - Warren County,5205
GA - Washington County,19927
GA - Wayne County,30155
GA - Webster County,2350
GA - Wheeler County,7430
GA - White County,28090
GA - Whitfield County,102727
GA - Wilcox County,8731
GA - Wilkes County,9556
GA - Wilkinson County,8844
GA - Worth County,20719
HI - Hawaii County,200746
HI - Honolulu County,1013227
HI - Kalawao County,82
HI - Kauai County,73201
HI - Maui County,164655
ID - Ada County,497984
ID - Adams County,4424
ID - Bannock County,87177
ID - Bear Lake County,6370
ID - Benewah County,9576
ID - Bingham County,48068
ID - Blaine County,24327
ID - Boise County,7647
ID - Bonner County,47390
ID - Bonneville County,124626
ID - Boundary County,12113
ID - Butte County,2577
ID - Camas County,1089
ID - Canyon County,232714
ID - Caribou County,7015
ID - Cassia County,24699
ID - Clark County,792
ID - Clearwater County,8750
ID - Custer County,4266
ID - Elmore County,28668
ID - Franklin County,14269
ID - Fremont County,13404
ID - Gem County,19258
ID - Gooding County,15643
ID - Idaho County,16561
ID - Jefferson County,31055
ID - Jerome County,24222
ID - Kootenai County,172646
ID - Latah County,39611
ID - Lemhi County,7948
ID - Lewis County,3531
ID - Lincoln County,5133
ID - Madison County,52876
ID - Minidoka County,21674
ID - Nez Perce County,42088
ID - Oneida County,4554
ID - Owyhee County,11978
ID - Payette County,25589
ID - Power County,7879
ID - Shoshone County,13189
ID - Teton County,11731
ID - Twin Falls County,90279
ID - Valley County,11838
ID - Washington County,10544
IL - Adams County,65530
IL - Alexander County,5168
IL - Bond County,16663
IL - Boone County,53326
IL - Brown County,6217
IL - Bureau County,33118
IL - Calhoun County,4411
IL - Carroll County,15664
IL - Cass County,12956
IL - Champaign County,205469
IL - Christian County,33900
IL - Clark County,15407
IL - Clay County,13267
IL - Clinton County,36896
IL - Coles County,46737
IL - Cook County,5262741
IL - Crawford County,18639
IL - Cumberland County,10428
IL - DeKalb County,100233
IL - De Witt County,15441
IL - Douglas County,19742
IL - DuPage County,931153
IL - Edgar County,16755
IL - Edwards County,6205
IL - Effingham County,34614
IL - Fayette County,21460
IL - Ford County,13533
IL - Franklin County,37636
IL - Fulton County,33440
IL - Gallatin County,4947
IL - Greene County,11915
IL - Grundy County,52514
IL - Hamilton County,7977
IL - Hancock County,17552
IL - Hardin County,3634
IL - Henderson County,6339
IL - Henry County,49138
IL - Iroquois County,26984
IL - Jackson County,52896
IL - Jasper County,9247
IL - Jefferson County,37029
IL - Jersey County,21444
IL - Jo Daviess County,22035
IL - Johnson County,13307
IL - Kane County,516155
IL - Kankakee County,107236
IL - Kendall County,132291
IL - Knox County,49736
IL - Lake County,713217
IL - LaSalle County,109359
IL - Lawrence County,15234
IL - Lee County,34021
IL - Livingston County,35752
IL - Logan County,27879
IL - McDonough County,27079
IL - McHenry County,309770
IL - McLean County,170870
IL - Macon County,103647
IL - Macoupin County,44810
IL - Madison County,265498
IL - Marion County,37613
IL - Marshall County,11691
IL - Mason County,13026
IL - Massac County,14125
IL - Menard County,12265
IL - Mercer County,15633
IL - Monroe County,34898
IL - Montgomery County,28157
IL - Morgan County,32798
IL - Moultrie County,14486
IL - Ogle County,51678
IL - Peoria County,181225
IL - Perry County,20880
IL - Piatt County,16654
IL - Pike County,14633
IL - Pope County,3744
IL - Pulaski County,5161
IL - Putnam County,5635
IL - Randolph County,30055
IL - Richland County,15803
IL - Rock Island County,144267
IL - St. Clair County,256789
IL - Saline County,23634
IL - Sangamon County,196012
IL - Schuyler County,6875
IL - Scott County,4927
IL - Shelby County,20900
IL - Stark County,5391
IL - Stephenson County,44457
IL - Tazewell County,131018
IL - Union County,17179
IL - Vermilion County,73883
IL - Wabash County,11316
IL - Warren County,16777
IL - Washington County,13711
IL - Wayne County,16121
IL - White County,13808
IL - Whiteside County,55509
IL - Will County,695903
IL - Williamson County,67094
IL - Winnebago County,284858
IL - Woodford County,38395
IN - Adams County,35826
IN - Allen County,385892
IN - Bartholomew County,82157
IN - Benton County,8712
IN - Blackford County,12098
IN - Boone County,71169
IN - Brown County,15470
IN - Carroll County,20307
IN - Cass County,37771
IN - Clark County,121282
IN - Clay County,26432
IN - Clinton County,33151
IN - Crawford County,10540
IN - Daviess County,33391
IN - Dearborn County,50726
IN - Decatur County,26477
IN - DeKalb County,43274
IN - Delaware County,111669
IN - Dubois County,43604
IN - Elkhart County,206842
IN - Fayette County,23333
IN - Floyd County,80437
IN - Fountain County,16470
IN - Franklin County,22767
IN - Fulton County,20434
IN - Gibson County,33021
IN - Grant County,66446
IN - Greene County,30790
IN - Hamilton County,348868
IN - Hancock County,80156
IN - Harrison County,39652
IN - Hendricks County,175528
IN - Henry County,48885
IN - Howard County,83619
IN - Huntington County,36599
IN - Jackson County,46373
IN - Jasper County,32906
IN - Jay County,20456
IN - Jefferson County,33075
IN - Jennings County,27564
IN - Johnson County,162180
IN - Knox County,36244
IN - Kosciusko County,80050
IN - LaGrange County,40515
IN - Lake County,498597
IN - LaPorte County,112222
IN - Lawrence County,45022
IN - Madison County,130065
IN - Marion County,976770
IN - Marshall County,46018
IN - Martin County,9786
IN - Miami County,35924
IN - Monroe County,139517
IN - Montgomery County,37932
IN - Morgan County,71802
IN - Newton County,13796
IN - Noble County,47379
IN - Ohio County,5930
IN - Orange County,19839
IN - Owen County,21298
IN - Parke County,16154
IN - Perry County,19150
IN - Pike County,12233
IN - Porter County,173256
IN - Posey County,25161
IN - Pulaski County,12488
IN - Putnam County,36666
IN - Randolph County,24375
IN - Ripley County,28980
IN - Rush County,16744
IN - St. Joseph County,272549
IN - Scott County,24336
IN - Shelby County,45026
IN - Spencer County,19820
IN - Starke County,23356
IN - Steuben County,34440
IN - Sullivan County,20803
IN - Switzerland County,9724
IN - Tippecanoe County,186247
IN - Tipton County,15365
IN - Union County,7090
IN - Vanderburgh County,180158
IN - Vermillion County,15388
IN - Vigo County,106007
IN - Wabash County,30888
IN - Warren County,8413
IN - Warrick County,63966
IN - Washington County,28220
IN - Wayne County,66455
IN - Wells County,28179
IN - White County,24636
IN - Whitley County,34316
IA - Adair County,7477
IA - Adams County,3697
IA - Allamakee County,14067
IA - Appanoose County,12282
IA - Audubon County,5671
IA - Benton County,25536
IA - Black Hawk County,130980
IA - Boone County,26691
IA - Bremer County,24974
IA - Buchanan County,20586
IA - Buena Vista County,20776
IA - Butler County,14311
IA - Calhoun County,9886
IA - Carroll County,20702
IA - Cass County,13104
IA - Cedar County,18495
IA - Cerro Gordo County,42965
IA - Cherokee County,11632
IA - Chickasaw County,11970
IA - Clarke County,9726
IA - Clay County,16333
IA - Clayton County,16996
IA - Clinton County,46418
IA - Crawford County,16453
IA - Dallas County,100486
IA - Davis County,9109
IA - Decatur County,7610
IA - Delaware County,17458
IA - Des Moines County,38831
IA - Dickinson County,17747
IA - Dubuque County,99229
IA - Emmet County,9332
IA - Fayette County,19399
IA - Floyd County,15552
IA - Franklin County,9983
IA - Fremont County,6560
IA - Greene County,8746
IA - Grundy County,12312
IA - Guthrie County,10612
IA - Hamilton County,15020
IA - Hancock County,10757
IA - Hardin County,16821
IA - Harrison County,14546
IA - Henry County,20412
IA - Howard County,9487
IA - Humboldt County,9595
IA - Ida County,7007
IA - Iowa County,16679
IA - Jackson County,19437
IA - Jasper County,37802
IA - Jefferson County,15659
IA - Johnson County,152984
IA - Jones County,20647
IA - Keokuk County,9995
IA - Kossuth County,14786
IA - Lee County,33512
IA - Linn County,230263
IA - Louisa County,10806
IA - Lucas County,8615
IA - Lyon County,11917
IA - Madison County,16626
IA - Mahaska County,22148
IA - Marion County,33377
IA - Marshall County,40059
IA - Mills County,14405
IA - Mitchell County,10582
IA - Monona County,8742
IA - Monroe County,7582
IA - Montgomery County,10335
IA - Muscatine County,43113
IA - O'Brien County,14154
IA - Osceola County,6189
IA - Page County,15180
IA - Palo Alto County,8961
IA - Plymouth County,25681
IA - Pocahontas County,7075
IA - Polk County,492769
IA - Pottawattamie County,93560
IA - Poweshiek County,18643
IA - Ringgold County,4639
IA - Sac County,9791
IA - Scott County,174488
IA - Shelby County,11699
IA - Sioux County,35869
IA - Story County,98615
IA - Tama County,17072
IA - Taylor County,5861
IA - Union County,12097
IA - Van Buren County,7204
IA - Wapello County,35341
IA - Warren County,52548
IA - Washington County,22511
IA - Wayne County,6509
IA - Webster County,36954
IA - Winnebago County,10650
IA - Winneshiek County,20031
IA - Woodbury County,105829
IA - Worth County,7425
IA - Wright County,12914
KS - Allen County,12537
KS - Anderson County,7850
KS - Atchison County,16305
KS - Barber County,4198
KS - Barton County,25419
KS - Bourbon County,14333
KS - Brown County,9473
KS - Butler County,67401
KS - Chase County,2564
KS - Chautauqua County,3386
KS - Cherokee County,19275
KS - Cheyenne County,2620
KS - Clark County,1973
KS - Clay County,8112
KS - Cloud County,8988
KS - Coffey County,8370
KS - Comanche County,1681
KS - Cowley County,34498
KS - Crawford County,38930
KS - Decatur County,2749
KS - Dickinson County,18353
KS - Doniphan County,7469
KS - Douglas County,118814
KS - Edwards County,2898
KS - Elk County,2475
KS - Ellis County,28931
KS - Ellsworth County,6354
KS - Finney County,38297
KS - Ford County,34206
KS - Franklin County,26028
KS - Geary County,36747
KS - Gove County,2694
KS - Graham County,2405
KS - Grant County,7327
KS - Gray County,5633
KS - Greeley County,1277
KS - Greenwood County,5972
KS - Hamilton County,2494
KS - Harper County,5461
KS - Harvey County,33942
KS - Haskell County,3756
KS - Hodgeman County,1718
KS - Jackson County,13230
KS - Jefferson County,18300
KS - Jewell County,2926
KS - Johnson County,610536
KS - Kearny County,3971
KS - Kingman County,7446
KS - Kiowa County,2452
KS - Labette County,20119
KS - Lane County,1568
KS - Leavenworth County,81870
KS - Lincoln County,2947
KS - Linn County,9582
KS - Logan County,2743
KS - Lyon County,32100
KS - McPherson County,30160
KS - Marion County,11754
KS - Marshall County,10014
KS - Meade County,4045
KS - Miami County,34183
KS - Mitchell County,5764
KS - Montgomery County,31360
KS - Morris County,5360
KS - Morton County,2695
KS - Nemaha County,10218
KS - Neosho County,15909
KS - Ness County,2678
KS - Norton County,5435
KS - Osage County,15724
KS - Osborne County,3494
KS - Ottawa County,5733
KS - Pawnee County,6244
KS - Phillips County,4953
KS - Pottawatomie County,25392
KS - Pratt County,9151
KS - Rawlins County,2555
KS - Reno County,61808
KS - Republic County,4680
KS - Rice County,9374
KS - Riley County,71996
KS - Rooks County,4894
KS - Rush County,2944
KS - Russell County,6672
KS - Saline County,54232
KS - Scott County,5137
KS - Sedgwick County,524246
KS - Seward County,21832
KS - Shawnee County,178608
KS - Sheridan County,2442
KS - Sherman County,5882
KS - Smith County,3559
KS - Stafford County,4064
KS - Stanton County,2072
KS - Stevens County,5236
KS - Sumner County,22332
KS - Thomas County,7916
KS - Trego County,2808
KS - Wabaunsee County,6885
KS - Wallace County,1514
KS - Washington County,5526
KS - Wichita County,2144
KS - Wilson County,8577
KS - Woodson County,3103
KS - Wyandotte County,168873
KY - Adair County,18870
KY - Allen County,20595
KY - Anderson County,23869
KY - Ballard County,7724
KY - Barren County,44445
KY - Bath County,12708
KY - Bell County,23942
KY - Boone County,136403
KY - Bourbon County,20285
KY - Boyd County,48175
KY - Boyle County,30701
KY - Bracken County,8390
KY - Breathitt County,13679
KY - Breckinridge County,20432
KY - Bullitt County,82293
KY - Butler County,12318
KY - Caldwell County,12632
KY - Calloway County,37147
KY - Campbell County,93086
KY - Carlisle County,4811
KY - Carroll County,10833
KY - Carter County,26575
KY - Casey County,15886
KY - Christian County,72696
KY - Clark County,36999
KY - Clay County,20294
KY - Clinton County,9216
KY - Crittenden County,8985
KY - Cumberland County,5856
KY - Daviess County,103291
KY - Edmonson County,12132
KY - Elliott County,7334
KY - Estill County,14134
KY - Fayette County,322403
KY - Fleming County,15091
KY - Floyd County,35756
KY - Franklin County,51569
KY - Fulton County,6501
KY - Gallatin County,8667
KY - Garrard County,16935
KY - Grant County,25008
KY - Graves County,36512
KY - Grayson County,26410
KY - Green County,11112
KY - Greenup County,35852
KY - Hancock County,9092
KY - Hardin County,110719
KY - Harlan County,26689
KY - Harrison County,18705
KY - Hart County,19271
KY - Henderson County,44645
KY - Henry County,15666
KY - Hickman County,4521
KY - Hopkins County,45367
KY - Jackson County,12951
KY - Jefferson County,782123
KY - Jessamine County,52972
KY - Johnson County,22634
KY - Kenton County,169183
KY - Knott County,14160
KY - Knox County,30135
KY - Larue County,14870
KY - Laurel County,62662
KY - Lawrence County,16288
KY - Lee County,7360
KY - Leslie County,10455
KY - Letcher County,21428
KY - Lewis County,13061
KY - Lincoln County,24238
KY - Livingston County,8845
KY - Logan County,27497
KY - Lyon County,8664
KY - McCracken County,67836
KY - McCreary County,16851
KY - McLean County,9114
KY - Madison County,92920
KY - Magoffin County,11594
KY - Marion County,19580
KY - Marshall County,31665
KY - Martin County,11228
KY - Mason County,17085
KY - Meade County,29981
KY - Menifee County,6115
KY - Mercer County,22616
KY - Metcalfe County,10271
KY - Monroe County,11301
KY - Montgomery County,28091
KY - Morgan County,13719
KY - Muhlenberg County,30875
KY - Nelson County,46756
KY - Nicholas County,7536
KY - Ohio County,23726
KY - Oldham County,67642
KY - Owen County,11294
KY - Owsley County,4018
KY - Pendleton County,14640
KY - Perry County,28378
KY - Pike County,58408
KY - Powell County,13085
KY - Pulaski County,65016
KY - Robertson County,2184
KY - Rockcastle County,16053
KY - Rowan County,24732
KY - Russell County,17975
KY - Scott County,57477
KY - Shelby County,48179
KY - Simpson County,19620
KY - Spencer County,19564
KY - Taylor County,26020
KY - Todd County,12280
KY - Trigg County,14068
KY - Trimble County,8461
KY - Union County,13646
KY - Warren County,134933
KY - Washington County,12024
KY - Wayne County,19528
KY - Webster County,12989
KY - Whitley County,36687
KY - Wolfe County,6552
KY - Woodford County,26892
LA - Acadia Parish,57455
LA - Allen Parish,22697
LA - Ascension Parish,126984
LA - Assumption Parish,20968
LA - Avoyelles Parish,39616
LA - Beauregard Parish,36573
LA - Bienville Parish,12899
LA - Bossier Parish,128615
LA - Caddo Parish,237056
LA - Calcasieu Parish,216416
LA - Caldwell Parish,9617
LA - Cameron Parish,5619
LA - Catahoula Parish,8859
LA - Claiborne Parish,14109
LA - Concordia Parish,18589
LA - De Soto Parish,26854
LA - East Baton Rouge Parish,455884
LA - East Carroll Parish,7383
LA - East Feliciana Parish,19451
LA - Evangeline Parish,32307
LA - Franklin Parish,19721
LA - Grant Parish,22129
LA - Iberia Parish,69725
LA - Iberville Parish,30095
LA - Jackson Parish,14989
LA - Jefferson Parish,439845
LA - Jefferson Davis Parish,32166
LA - Lafayette Parish,242004
LA - Lafourche Parish,97495
LA - LaSalle Parish,14812
LA - Lincoln Parish,48259
LA - Livingston Parish,142726
LA - Madison Parish,9927
LA - Morehouse Parish,25430
LA - Natchitoches Parish,37349
LA - Orleans Parish,383282
LA - Ouachita Parish,160003
LA - Plaquemines Parish,23466
LA - Pointe Coupee Parish,20689
LA - Rapides Parish,129607
LA - Red River Parish,7619
LA - Richland Parish,19997
LA - Sabine Parish,22118
LA - St. Bernard Parish,43838
LA - St. Charles Parish,52481
LA - St. Helena Parish,10889
LA - St. James Parish,20127
LA - St. John the Baptist Parish,42394
LA - St. Landry Parish,82273
LA - St. Martin Parish,51604
LA - St. Mary Parish,49140
LA - St. Tammany Parish,264933
LA - Tangipahoa Parish,133549
LA - Tensas Parish,4116
LA - Terrebonne Parish,109319
LA - Union Parish,21124
LA - Vermilion Parish,57289
LA - Vernon Parish,48582
LA - Washington Parish,45370
LA - Webster Parish,36864
LA - West Baton Rouge Parish,27236
LA - West Carroll Parish,9694
LA - West Feliciana Parish,15256
LA - Winn Parish,13721
ME - Androscoggin County,111039
ME - Aroostook County,66994
ME - Cumberland County,303312
ME - Franklin County,29418
ME - Hancock County,55460
ME - Kennebec County,123754
ME - Knox County,40609
ME - Lincoln County,35192
ME - Oxford County,57849
ME - Penobscot County,152007
ME - Piscataquis County,16768
ME - Sagadahoc County,36688
ME - Somerset County,50404
ME - Waldo County,39635
ME - Washington County,31062
ME - York County,212089
MD - Allegany County,67947
MD - Anne Arundel County,588769
MD - Baltimore County,853073
MD - Calvert County,92857
MD - Caroline County,33290
MD - Carroll County,172890
MD - Cecil County,103740
MD - Charles County,166682
MD - Dorchester County,32508
MD - Frederick County,272737
MD - Garrett County,28761
MD - Harford County,261122
MD - Howard County,332722
MD - Kent County,19142
MD - Montgomery County,1061243
MD - Prince George's County,965601
MD - Queen Anne's County,49983
MD - St. Mary's County,113953
MD - Somerset County,24567
MD - Talbot County,37456
MD - Washington County,154586
MD - Wicomico County,103473
MD - Worcester County,52445
MD - Baltimore city,583132
MA - Barnstable County,228969
MA - Berkshire County,128758
MA - Bristol County,579172
MA - Dukes County,20581
MA - Essex County,809218
MA - Franklin County,70988
MA - Hampden County,464908
MA - Hampshire County,162064
MA - Middlesex County,1629422
MA - Nantucket County,14244
MA - Norfolk County,726025
MA - Plymouth County,530979
MA - Suffolk County,795431
MA - Worcester County,861461
MI - Alcona County,10158
MI - Alger County,8834
MI - Allegan County,120596
MI - Alpena County,28877
MI - Antrim County,23421
MI - Arenac County,14990
MI - Baraga County,8128
MI - Barry County,62548
MI - Bay County,103594
MI - Benzie County,17974
MI - Berrien County,154095
MI - Branch County,44810
MI - Calhoun County,134113
MI - Cass County,51563
MI - Charlevoix County,26012
MI - Cheboygan County,25599
MI - Chippewa County,36744
MI - Clare County,30822
MI - Clinton County,79128
MI - Crawford County,12965
MI - Delta County,36842
MI - Dickinson County,25886
MI - Eaton County,109106
MI - Emmet County,34090
MI - Genesee County,405648
MI - Gladwin County,25369
MI - Gogebic County,14315
MI - Grand Traverse County,95315
MI - Gratiot County,41662
MI - Hillsdale County,45677
MI - Houghton County,37160
MI - Huron County,31351
MI - Ingham County,284520
MI - Ionia County,66861
MI - Iosco County,25191
MI - Iron County,11637
MI - Isabella County,64488
MI - Jackson County,160200
MI - Kalamazoo County,261629
MI - Kalkaska County,17925
MI - Kent County,658040
MI - Keweenaw County,2055
MI - Lake County,12099
MI - Lapeer County,88528
MI - Leelanau County,22302
MI - Lenawee County,99214
MI - Livingston County,193973
MI - Luce County,5325
MI - Mackinac County,10830
MI - Macomb County,880349
MI - Manistee County,25063
MI - Marquette County,65931
MI - Mason County,29064
MI - Mecosta County,39781
MI - Menominee County,23423
MI - Midland County,83476
MI - Missaukee County,15067
MI - Monroe County,154796
MI - Montcalm County,66515
MI - Montmorency County,9155
MI - Muskegon County,175817
MI - Newaygo County,50042
MI - Oakland County,1272408
MI - Oceana County,26688
MI - Ogemaw County,20740
MI - Ontonagon County,5804
MI - Osceola County,22887
MI - Oscoda County,8234
MI - Otsego County,25102
MI - Ottawa County,296787
MI - Presque Isle County,12979
MI - Roscommon County,23432
MI - Saginaw County,189831
MI - St. Clair County,160265
MI - St. Joseph County,60902
MI - Sanilac County,40506
MI - Schoolcraft County,8041
MI - Shiawassee County,67983
MI - Tuscola County,53274
MI - Van Buren County,75556
MI - Washtenaw County,371656
MI - Wayne County,1790225
MI - Wexford County,33676
MN - Aitkin County,15693
MN - Anoka County,364299
MN - Becker County,35147
MN - Beltrami County,46230
MN - Benton County,41338
MN - Big Stone County,5147
MN - Blue Earth County,69173
MN - Brown County,25885
MN - Carlton County,36156
MN - Carver County,107286
MN - Cass County,30125
MN - Chippewa County,12593
MN - Chisago County,56670
MN - Clay County,65351
MN - Clearwater County,8580
MN - Cook County,5592
MN - Cottonwood County,11489
MN - Crow Wing County,66236
MN - Dakota County,440317
MN - Dodge County,20861
MN - Douglas County,39079
MN - Faribault County,13888
MN - Fillmore County,21246
MN - Freeborn County,30883
MN - Goodhue County,47536
MN - Grant County,6080
MN - Hennepin County,1281267
MN - Houston County,18818
MN - Hubbard County,21380
MN - Isanti County,41383
MN - Itasca County,44984
MN - Jackson County,9969
MN - Kanabec County,16040
MN - Kandiyohi County,43685
MN - Kittson County,4180
MN - Koochiching County,12031
MN - Lac qui Parle County,6701
MN - Lake County,10885
MN - Lake of the Woods County,3760
MN - Le Sueur County,28627
MN - Lincoln County,5628
MN - Lyon County,25174
MN - McLeod County,36701
MN - Mahnomen County,5374
MN - Marshall County,9035
MN - Martin County,19970
MN - Meeker County,23428
MN - Mille Lacs County,26410
MN - Morrison County,33980
MN - Mower County,40049
MN - Murray County,8168
MN - Nicollet County,34490
MN - Nobles County,22183
MN - Norman County,6422
MN - Olmsted County,162991
MN - Otter Tail County,60024
MN - Pennington County,13939
MN - Pine County,28854
MN - Pipestone County,9405
MN - Polk County,31051
MN - Pope County,11309
MN - Ramsey County,551480
MN - Red Lake County,3936
MN - Redwood County,15391
MN - Renville County,14684
MN - Rice County,67030
MN - Rock County,9705
MN - Roseau County,15294
MN - St. Louis County,199962
MN - Scott County,151265
MN - Sherburne County,97479
MN - Sibley County,14802
MN - Stearns County,158349
MN - Steele County,37352
MN - Stevens County,9646
MN - Swift County,9791
MN - Todd County,25250
MN - Traverse County,3346
MN - Wabasha County,21417
MN - Wadena County,14107
MN - Waseca County,18954
MN - Washington County,268191
MN - Watonwan County,11221
MN - Wilkin County,6481
MN - Winona County,49606
MN - Wright County,141759
MN - Yellow Medicine County,9492
MS - Adams County,29405
MS - Alcorn County,34680
MS - Amite County,12698
MS - Attala County,17828
MS - Benton County,7661
MS - Bolivar County,30849
MS - Calhoun County,13240
MS - Carroll County,9941
MS - Chickasaw County,17067
MS - Choctaw County,8202
MS - Claiborne County,9093
MS - Clarke County,15533
MS - Clay County,18645
MS - Coahoma County,21232
MS - Copiah County,28293
MS - Covington County,18313
MS - DeSoto County,185902
MS - Forrest County,78136
MS - Franklin County,7653
MS - George County,24335
MS - Greene County,13501
MS - Grenada County,21581
MS - Hancock County,46075
MS - Harrison County,208613
MS - Hinds County,226636
MS - Holmes County,16912
MS - Humphreys County,7715
MS - Issaquena County,1326
MS - Itawamba County,23824
MS - Jackson County,143291
MS - Jasper County,16348
MS - Jefferson County,7254
MS - Jefferson Davis County,11258
MS - Jones County,67142
MS - Kemper County,8983
MS - Lafayette County,55905
MS - Lamar County,64368
MS - Lauderdale County,72706
MS - Lawrence County,11984
MS - Leake County,21247
MS - Lee County,83228
MS - Leflore County,28196
MS - Lincoln County,34815
MS - Lowndes County,58726
MS - Madison County,109222
MS - Marion County,24399
MS - Marshall County,33754
MS - Monroe County,34093
MS - Montgomery County,9793
MS - Neshoba County,28992
MS - Newton County,21243
MS - Noxubee County,10231
MS - Oktibbeha County,51710
MS - Panola County,33114
MS - Pearl River County,56140
MS - Perry County,11470
MS - Pike County,40209
MS - Pontotoc County,31206
MS - Prentiss County,24935
MS - Quitman County,6153
MS - Rankin County,157052
MS - Scott County,27958
MS - Sharkey County,3767
MS - Simpson County,25893
MS - Smith County,14204
MS - Stone County,18333
MS - Sunflower County,25826
MS - Tallahatchie County,12670
MS - Tate County,28124
MS - Tippah County,21732
MS - Tishomingo County,18822
MS - Tunica County,9720
MS - Union County,27780
MS - Walthall County,13863
MS - Warren County,44548
MS - Washington County,44613
MS - Wayne County,19778
MS - Webster County,9921
MS - Wilkinson County,8525
MS - Winston County,17673
MS - Yalobusha County,12446
MS - Yazoo County,26618
MO - Adair County,25246
MO - Andrew County,18083
MO - Atchison County,5306
MO - Audrain County,24925
MO - Barry County,34539
MO - Barton County,11613
MO - Bates County,16044
MO - Benton County,19409
MO - Bollinger County,10525
MO - Boone County,183894
MO - Buchanan County,84615
MO - Butler County,42007
MO - Caldwell County,8806
MO - Callaway County,44288
MO - Camden County,42784
MO - Cape Girardeau County,81788
MO - Carroll County,8461
MO - Carter County,5207
MO - Cass County,108113
MO - Cedar County,14199
MO - Chariton County,7380
MO - Christian County,89224
MO - Clark County,6632
MO - Clay County,253923
MO - Clinton County,21204
MO - Cole County,77198
MO - Cooper County,17089
MO - Crawford County,23026
MO - Dade County,7586
MO - Dallas County,17099
MO - Daviess County,8427
MO - DeKalb County,11014
MO - Dent County,14418
MO - Douglas County,11592
MO - Dunklin County,28178
MO - Franklin County,104769
MO - Gasconade County,14745
MO - Gentry County,6115
MO - Greene County,299060
MO - Grundy County,9729
MO - Harrison County,8155
MO - Henry County,21949
MO - Hickory County,8303
MO - Holt County,4186
MO - Howard County,10144
MO - Howell County,39750
MO - Iron County,9515
MO - Jackson County,717243
MO - Jasper County,122766
MO - Jefferson County,226929
MO - Johnson County,54002
MO - Knox County,3732
MO - Laclede County,36024
MO - Lafayette County,33001
MO - Lawrence County,37963
MO - Lewis County,10031
MO - Lincoln County,59829
MO - Linn County,11849
MO - Livingston County,14562
MO - McDonald County,23285
MO - Macon County,15182
MO - Madison County,12600
MO - Maries County,8427
MO - Marion County,28470
MO - Mercer County,3515
MO - Miller County,24733
MO - Mississippi County,12537
MO - Moniteau County,15464
MO - Monroe County,8666
MO - Montgomery County,11262
MO - Morgan County,20997
MO - New Madrid County,16329
MO - Newton County,58613
MO - Nodaway County,21218
MO - Oregon County,8617
MO - Osage County,13249
MO - Ozark County,8514
MO - Pemiscot County,15585
MO - Perry County,18960
MO - Pettis County,42951
MO - Phelps County,44517
MO - Pike County,17613
MO - Platte County,107100
MO - Polk County,31577
MO - Pulaski County,53964
MO - Putnam County,4676
MO - Ralls County,10351
MO - Randolph County,24636
MO - Ray County,23100
MO - Reynolds County,6078
MO - Ripley County,10680
MO - St. Charles County,406258
MO - St. Clair County,9340
MO - Ste. Genevieve County,18476
MO - St. Francois County,66900
MO - St. Louis County,1002838
MO - Saline County,23319
MO - Schuyler County,4007
MO - Scotland County,4698
MO - Scott County,38009
MO - Shannon County,7041
MO - Shelby County,6101
MO - Stoddard County,28652
MO - Stone County,31175
MO - Sullivan County,5976
MO - Taney County,56020
MO - Texas County,24413
MO - Vernon County,19642
MO - Warren County,35707
MO - Washington County,23499
MO - Wayne County,10913
MO - Webster County,39168
MO - Worth County,1962
MO - Wright County,18180
MO - St. Louis city,300528
MT - Beaverhead County,9372
MT - Big Horn County,13051
MT - Blaine County,7002
MT - Broadwater County,6846
MT - Carbon County,10512
MT - Carter County,1413
MT - Cascade County,84328
MT - Chouteau County,5899
MT - Custer County,11859
MT - Daniels County,1658
MT - Dawson County,8922
MT - Deer Lodge County,9413
MT - Fallon County,3033
MT - Fergus County,11457
MT - Flathead County,104773
MT - Gallatin County,119502
MT - Garfield County,1172
MT - Glacier County,13747
MT - Golden Valley County,820
MT - Granite County,3308
MT - Hill County,16250
MT - Jefferson County,12133
MT - Judith Basin County,2017
MT - Lake County,31259
MT - Lewis and Clark County,71093
MT - Liberty County,1960
MT - Lincoln County,19731
MT - McCone County,1733
MT - Madison County,8657
MT - Meagher County,1925
MT - Mineral County,4565
MT - Missoula County,118238
MT - Musselshell County,4747
MT - Park County,17193
MT - Petroleum County,498
MT - Phillips County,4190
MT - Pondera County,5882
MT - Powder River County,1693
MT - Powell County,6934
MT - Prairie County,1076
MT - Ravalli County,44351
MT - Richland County,11501
MT - Roosevelt County,10780
MT - Rosebud County,8298
MT - Sanders County,12451
MT - Sheridan County,3518
MT - Silver Bow County,35168
MT - Stillwater County,9010
MT - Sweet Grass County,3671
MT - Teton County,6242
MT - Toole County,4964
MT - Treasure County,761
MT - Valley County,7551
MT - Wheatland County,2093
MT - Wibaux County,928
MT - Yellowstone County,165045
NE - Adams County,31147
NE - Antelope County,6276
NE - Arthur County,431
NE - Banner County,683
NE - Blaine County,431
NE - Boone County,5351
NE - Box Butte County,10824
NE - Boyd County,1806
NE - Brown County,2903
NE - Buffalo County,50129
NE - Burt County,6721
NE - Butler County,8349
NE - Cass County,26593
NE - Cedar County,8373
NE - Chase County,3881
NE - Cherry County,5462
NE - Cheyenne County,9482
NE - Clay County,6101
NE - Colfax County,10546
NE - Cuming County,9009
NE - Custer County,10495
NE - Dakota County,21502
NE - Dawes County,8151
NE - Dawson County,24039
NE - Deuel County,1829
NE - Dixon County,5580
NE - Dodge County,37102
NE - Douglas County,585010
NE - Dundy County,1647
NE - Fillmore County,5567
NE - Franklin County,2885
NE - Frontier County,2510
NE - Furnas County,4615
NE - Gage County,21663
NE - Garden County,1883
NE - Garfield County,1806
NE - Gosper County,1891
NE - Grant County,611
NE - Greeley County,2180
NE - Hall County,62730
NE - Hamilton County,9403
NE - Harlan County,3054
NE - Hayes County,855
NE - Hitchcock County,2610
NE - Holt County,10083
NE - Hooker County,707
NE - Howard County,6496
NE - Jefferson County,7260
NE - Johnson County,5288
NE - Kearney County,6695
NE - Keith County,8322
NE - Keya Paha County,763
NE - Kimball County,3401
NE - Knox County,8383
NE - Lancaster County,322910
NE - Lincoln County,34551
NE - Logan County,714
NE - Loup County,606
NE - McPherson County,396
NE - Madison County,35473
NE - Merrick County,7659
NE - Morrill County,4539
NE - Nance County,3382
NE - Nemaha County,7088
NE - Nuckolls County,4081
NE - Otoe County,15892
NE - Pawnee County,2536
NE - Perkins County,2851
NE - Phelps County,8968
NE - Pierce County,7328
NE - Platte County,34280
NE - Polk County,5225
NE - Red Willow County,10671
NE - Richardson County,7836
NE - Rock County,1267
NE - Saline County,14249
NE - Sarpy County,191114
NE - Saunders County,22361
NE - Scotts Bluff County,36002
NE - Seward County,17605
NE - Sheridan County,5097
NE - Sherman County,2956
NE - Sioux County,1144
NE - Stanton County,5824
NE - Thayer County,5013
NE - Thomas County,671
NE - Thurston County,6769
NE - Valley County,4048
NE - Washington County,20904
NE - Wayne County,9687
NE - Webster County,3387
NE - Wheeler County,773
NE - York County,14084
NV - Churchill County,25539
NV - Clark County,2273386
NV - Douglas County,49468
NV - Elko County,53750
NV - Esmeralda County,730
NV - Eureka County,1847
NV - Humboldt County,17283
NV - Lander County,5725
NV - Lincoln County,4502
NV - Lyon County,59431
NV - Mineral County,4553
NV - Nye County,51968
NV - Pershing County,6639
NV - Storey County,4106
NV - Washoe County,487388
NV - White Pine County,9079
NV - Carson City,58677
NH - Belknap County,63743
NH - Carroll County,50212
NH - Cheshire County,76501
NH - Coos County,31173
NH - Grafton County,91123
NH - Hillsborough County,422705
NH - Merrimack County,153922
NH - Rockingham County,314430
NH - Strafford County,131006
NH - Sullivan County,43033
NJ - Atlantic County,274191
NJ - Bergen County,954774
NJ - Burlington County,461862
NJ - Camden County,523204
NJ - Cape May County,95077
NJ - Cumberland County,153848
NJ - Essex County,862032
NJ - Gloucester County,302607
NJ - Hudson County,722655
NJ - Hunterdon County,128839
NJ - Mercer County,386759
NJ - Middlesex County,861908
NJ - Monmouth County,643163
NJ - Morris County,509001
NJ - Ocean County,638824
NJ - Passaic County,523100
NJ - Salem County,64859
NJ - Somerset County,345014
NJ - Sussex County,144082
NJ - Union County,574349
NJ - Warren County,109595
NM - Bernalillo County,676581
NM - Catron County,3612
NM - Chaves County,65168
NM - Cibola County,27076
NM - Colfax County,12332
NM - Curry County,48325
NM - De Baca County,1678
NM - Doa Ana County,219899
NM - Eddy County,62257
NM - Grant County,28209
NM - Guadalupe County,4447
NM - Harding County,660
NM - Hidalgo County,4149
NM - Lea County,74586
NM - Lincoln County,20296
NM - Los Alamos County,19424
NM - Luna County,25420
NM - McKinley County,72630
NM - Mora County,4184
NM - Otero County,67861
NM - Quay County,8721
NM - Rio Arriba County,40264
NM - Roosevelt County,19118
NM - Sandoval County,149218
NM - San Juan County,121429
NM - San Miguel County,27115
NM - Santa Fe County,154977
NM - Sierra County,11526
NM - Socorro County,16565
NM - Taos County,34392
NM - Torrance County,15051
NM - Union County,4067
NM - Valencia County,76329
NY - Albany County,314368
NY - Allegany County,46373
NY - Bronx County,1466438
NY - Broome County,198199
NY - Cattaraugus County,76907
NY - Cayuga County,76095
NY - Chautauqua County,127424
NY - Chemung County,83882
NY - Chenango County,47073
NY - Clinton County,79715
NY - Columbia County,61550
NY - Cortland County,46723
NY - Delaware County,44186
NY - Dutchess County,295742
NY - Erie County,953254
NY - Essex County,37336
NY - Franklin County,47527
NY - Fulton County,53160
NY - Genesee County,58258
NY - Greene County,47890
NY - Hamilton County,5078
NY - Herkimer County,60007
NY - Jefferson County,116134
NY - Kings County,2727393
NY - Lewis County,26538
NY - Livingston County,61699
NY - Madison County,67890
NY - Monroe County,758554
NY - Montgomery County,49433
NY - Nassau County,1393978
NY - New York County,1687834
NY - Niagara County,212252
NY - Oneida County,231695
NY - Onondaga County,475653
NY - Ontario County,112475
NY - Orange County,401322
NY - Orleans County,40236
NY - Oswego County,117351
NY - Otsego County,58351
NY - Putnam County,97660
NY - Queens County,2395791
NY - Rensselaer County,160923
NY - Richmond County,495522
NY - Rockland County,338121
NY - St. Lawrence County,108311
NY - Saratoga County,235689
NY - Schenectady County,157861
NY - Schoharie County,29720
NY - Schuyler County,17857
NY - Seneca County,33715
NY - Steuben County,93363
NY - Suffolk County,1524099
NY - Sullivan County,78643
NY - Tioga County,48355
NY - Tompkins County,105404
NY - Ulster County,181687
NY - Warren County,65638
NY - Washington County,61143
NY - Wayne County,91103
NY - Westchester County,1003245
NY - Wyoming County,40401
NY - Yates County,24709
NC - Alamance County,171842
NC - Alexander County,36430
NC - Alleghany County,10899
NC - Anson County,22030
NC - Ashe County,26569
NC - Avery County,17798
NC - Beaufort County,44618
NC - Bertie County,17851
NC - Bladen County,29599
NC - Brunswick County,138084
NC - Buncombe County,269621
NC - Burke County,87546
NC - Cabarrus County,227065
NC - Caldwell County,80512
NC - Camden County,10398
NC - Carteret County,67656
NC - Caswell County,22694
NC - Catawba County,160747
NC - Chatham County,76611
NC - Cherokee County,28833
NC - Chowan County,13666
NC - Clay County,11118
NC - Cleveland County,99725
NC - Columbus County,50505
NC - Craven County,100552
NC - Cumberland County,334370
NC - Currituck County,28385
NC - Dare County,37001
NC - Davidson County,169131
NC - Davie County,42806
NC - Duplin County,48675
NC - Durham County,325602
NC - Edgecombe County,48697
NC - Forsyth County,382733
NC - Franklin County,69060
NC - Gaston County,228269
NC - Gates County,10452
NC - Graham County,8016
NC - Granville County,61041
NC - Greene County,20444
NC - Guilford County,541347
NC - Halifax County,48495
NC - Harnett County,133761
NC - Haywood County,62131
NC - Henderson County,116493
NC - Hertford County,21451
NC - Hoke County,52223
NC - Hyde County,4549
NC - Iredell County,187630
NC - Jackson County,43134
NC - Johnston County,217612
NC - Jones County,9156
NC - Lee County,63387
NC - Lenoir County,54995
NC - Lincoln County,87190
NC - McDowell County,44536
NC - Macon County,37049
NC - Madison County,21209
NC - Martin County,21949
NC - Mecklenburg County,1118340
NC - Mitchell County,14881
NC - Montgomery County,25720
NC - Moore County,100168
NC - Nash County,95027
NC - New Hanover County,226060
NC - Northampton County,17438
NC - Onslow County,204735
NC - Orange County,148792
NC - Pamlico County,12280
NC - Pasquotank County,40645
NC - Pender County,60563
NC - Perquimans County,12997
NC - Person County,39146
NC - Pitt County,170570
NC - Polk County,19372
NC - Randolph County,144334
NC - Richmond County,42879
NC - Robeson County,116361
NC - Rockingham County,91080
NC - Rowan County,147027
NC - Rutherford County,64421
NC - Sampson County,59021
NC - Scotland County,34110
NC - Stanly County,62609
NC - Stokes County,44517
NC - Surry County,71253
NC - Swain County,14083
NC - Transylvania County,33009
NC - Tyrrell County,3232
NC - Union County,239287
NC - Vance County,42529
NC - Wake County,1133553
NC - Warren County,18598
NC - Washington County,10955
NC - Watauga County,54072
NC - Wayne County,117226
NC - Wilkes County,65871
NC - Wilson County,78811
NC - Yadkin County,37182
NC - Yancey County,18475
ND - Adams County,2188
ND - Barnes County,10836
ND - Benson County,5953
ND - Billings County,931
ND - Bottineau County,6377
ND - Bowman County,2981
ND - Burke County,2189
ND - Burleigh County,98467
ND - Cass County,184868
ND - Cavalier County,3693
ND - Dickey County,4959
ND - Divide County,2198
ND - Dunn County,4103
ND - Eddy County,2333
ND - Emmons County,3282
ND - Foster County,3389
ND - Golden Valley County,1730
ND - Grand Forks County,73062
ND - Grant County,2281
ND - Griggs County,2296
ND - Hettinger County,2474
ND - Kidder County,2384
ND - LaMoure County,4083
ND - Logan County,1885
ND - McHenry County,5322
ND - McIntosh County,2512
ND - McKenzie County,14744
ND - McLean County,9749
ND - Mercer County,8330
ND - Morton County,33333
ND - Mountrail County,9765
ND - Nelson County,2989
ND - Oliver County,1866
ND - Pembina County,6827
ND - Pierce County,3968
ND - Ramsey County,11555
ND - Ransom County,5703
ND - Renville County,2272
ND - Richland County,16524
ND - Rolette County,12162
ND - Sargent County,3842
ND - Sheridan County,1258
ND - Sioux County,3884
ND - Slope County,701
ND - Stark County,33805
ND - Steele County,1797
ND - Stutsman County,21529
ND - Towner County,2138
ND - Traill County,7974
ND - Walsh County,10520
ND - Ward County,69847
ND - Wells County,3955
ND - Williams County,41149
OH - Adams County,27434
OH - Allen County,102059
OH - Ashland County,52420
OH - Ashtabula County,97413
OH - Athens County,62350
OH - Auglaize County,46411
OH - Belmont County,66235
OH - Brown County,43629
OH - Butler County,390600
OH - Carroll County,26689
OH - Champaign County,38705
OH - Clark County,135719
OH - Clermont County,208635
OH - Clinton County,41962
OH - Columbiana County,101607
OH - Coshocton County,36548
OH - Crawford County,41928
OH - Cuyahoga County,1261696
OH - Darke County,51882
OH - Defiance County,38227
OH - Delaware County,215062
OH - Erie County,75429
OH - Fairfield County,159357
OH - Fayette County,28939
OH - Franklin County,1324013
OH - Fulton County,42619
OH - Gallia County,29193
OH - Geauga County,95334
OH - Greene County,168025
OH - Guernsey County,38390
OH - Hamilton County,829909
OH - Hancock County,74830
OH - Hardin County,30725
OH - Harrison County,14493
OH - Henry County,27629
OH - Highland County,43321
OH - Hocking County,27999
OH - Holmes County,44194
OH - Huron County,58439
OH - Jackson County,32642
OH - Jefferson County,65107
OH - Knox County,62765
OH - Lake County,232410
OH - Lawrence County,58132
OH - Licking County,178680
OH - Logan County,46065
OH - Lorain County,313367
OH - Lucas County,430728
OH - Madison County,43823
OH - Mahoning County,227948
OH - Marion County,65363
OH - Medina County,182550
OH - Meigs County,22118
OH - Mercer County,42471
OH - Miami County,108821
OH - Monroe County,13354
OH - Montgomery County,536629
OH - Morgan County,13741
OH - Morrow County,34964
OH - Muskingum County,86342
OH - Noble County,14090
OH - Ottawa County,40260
OH - Paulding County,18804
OH - Perry County,35439
OH - Pickaway County,58628
OH - Pike County,27050
OH - Portage County,161775
OH - Preble County,40964
OH - Putnam County,34380
OH - Richland County,124840
OH - Ross County,76985
OH - Sandusky County,58832
OH - Scioto County,73720
OH - Seneca County,54990
OH - Shelby County,48119
OH - Stark County,374357
OH - Summit County,539530
OH - Trumbull County,201405
OH - Tuscarawas County,93063
OH - Union County,63077
OH - Van Wert County,28878
OH - Vinton County,12784
OH - Warren County,243004
OH - Washington County,59613
OH - Wayne County,116840
OH - Williams County,37025
OH - Wood County,132212
OH - Wyandot County,21854
OK - Adair County,19415
OK - Alfalfa County,5713
OK - Atoka County,14174
OK - Beaver County,5012
OK - Beckham County,22302
OK - Blaine County,8711
OK - Bryan County,46293
OK - Caddo County,26858
OK - Canadian County,155507
OK - Carter County,48003
OK - Cherokee County,47081
OK - Choctaw County,14196
OK - Cimarron County,2290
OK - Cleveland County,296019
OK - Coal County,5279
OK - Comanche County,121129
OK - Cotton County,5543
OK - Craig County,14146
OK - Creek County,71776
OK - Custer County,28423
OK - Delaware County,40400
OK - Dewey County,4466
OK - Ellis County,3745
OK - Garfield County,62629
OK - Garvin County,25627
OK - Grady County,54805
OK - Grant County,4168
OK - Greer County,5488
OK - Harmon County,2465
OK - Harper County,3255
OK - Haskell County,11549
OK - Hughes County,13334
OK - Jackson County,24731
OK - Jefferson County,5326
OK - Johnston County,10222
OK - Kay County,43541
OK - Kingfisher County,15151
OK - Kiowa County,8487
OK - Latimer County,9461
OK - Le Flore County,48131
OK - Lincoln County,33469
OK - Logan County,49726
OK - Love County,10143
OK - McClain County,41887
OK - McCurtain County,30786
OK - McIntosh County,18946
OK - Major County,7750
OK - Marshall County,15342
OK - Mayes County,39066
OK - Murray County,13869
OK - Muskogee County,66160
OK - Noble County,10900
OK - Nowata County,9296
OK - Okfuskee County,11238
OK - Oklahoma County,797296
OK - Okmulgee County,36679
OK - Osage County,45741
OK - Ottawa County,30209
OK - Pawnee County,15544
OK - Payne County,81592
OK - Pittsburg County,43727
OK - Pontotoc County,38077
OK - Pottawatomie County,72441
OK - Pushmataha County,10797
OK - Roger Mills County,3427
OK - Rogers County,95315
OK - Seminole County,23508
OK - Sequoyah County,39255
OK - Stephens County,42753
OK - Texas County,21283
OK - Tillman County,6956
OK - Tulsa County,670157
OK - Wagoner County,81377
OK - Washington County,52593
OK - Washita County,10903
OK - Woods County,8587
OK - Woodward County,20385
OR - Baker County,16689
OR - Benton County,95167
OR - Clackamas County,422160
OR - Clatsop County,41089
OR - Columbia County,52631
OR - Coos County,64887
OR - Crook County,24923
OR - Curry County,23503
OR - Deschutes County,199355
OR - Douglas County,111235
OR - Gilliam County,2016
OR - Grant County,7223
OR - Harney County,7491
OR - Hood River County,23943
OR - Jackson County,223394
OR - Jefferson County,24518
OR - Josephine County,88105
OR - Klamath County,69504
OR - Lake County,8149
OR - Lane County,382940
OR - Lincoln County,50472
OR - Linn County,128936
OR - Malheur County,31608
OR - Marion County,346202
OR - Morrow County,12191
OR - Multnomah County,815871
OR - Polk County,87863
OR - Sherman County,1872
OR - Tillamook County,27471
OR - Umatilla County,80011
OR - Union County,26149
OR - Wallowa County,7387
OR - Wasco County,26611
OR - Washington County,600689
OR - Wheeler County,1457
OR - Yamhill County,107832
PA - Adams County,103795
PA - Allegheny County,1248717
PA - Armstrong County,65445
PA - Beaver County,167732
PA - Bedford County,47523
PA - Berks County,428694
PA - Blair County,122518
PA - Bradford County,59858
PA - Bucks County,646008
PA - Butler County,193851
PA - Cambria County,132957
PA - Cameron County,4519
PA - Carbon County,64751
PA - Centre County,157929
PA - Chester County,534645
PA - Clarion County,37178
PA - Clearfield County,80394
PA - Clinton County,37350
PA - Columbia County,64667
PA - Crawford County,83723
PA - Cumberland County,259996
PA - Dauphin County,286544
PA - Delaware County,576388
PA - Elk County,30927
PA - Erie County,270427
PA - Fayette County,128393
PA - Forest County,6952
PA - Franklin County,155874
PA - Fulton County,14549
PA - Greene County,35813
PA - Huntingdon County,44030
PA - Indiana County,83116
PA - Jefferson County,44431
PA - Juniata County,23451
PA - Lackawanna County,215516
PA - Lancaster County,552597
PA - Lawrence County,85865
PA - Lebanon County,143242
PA - Lehigh County,374504
PA - Luzerne County,325057
PA - Lycoming County,113980
PA - McKean County,40306
PA - Mercer County,110333
PA - Mifflin County,46073
PA - Monroe County,168248
PA - Montgomery County,856947
PA - Montour County,18115
PA - Northampton County,312855
PA - Northumberland County,91471
PA - Perry County,45821
PA - Philadelphia County,1601005
PA - Pike County,58591
PA - Potter County,16356
PA - Schuylkill County,142777
PA - Snyder County,39717
PA - Somerset County,73917
PA - Sullivan County,5838
PA - Susquehanna County,38354
PA - Tioga County,40969
PA - Union County,42625
PA - Venango County,50275
PA - Warren County,38480
PA - Washington County,209157
PA - Wayne County,51101
PA - Westmoreland County,353998
PA - Wyoming County,26001
PA - York County,456389
RI - Bristol County,50750
RI - Kent County,170323
RI - Newport County,85388
RI - Providence County,660015
RI - Washington County,129753
SC - Abbeville County,24212
SC - Aiken County,169032
SC - Allendale County,7990
SC - Anderson County,204032
SC - Bamberg County,13251
SC - Barnwell County,20567
SC - Beaufort County,187691
SC - Berkeley County,231568
SC - Calhoun County,14125
SC - Charleston County,409418
SC - Cherokee County,56179
SC - Chester County,32276
SC - Chesterfield County,43258
SC - Clarendon County,31093
SC - Colleton County,38543
SC - Darlington County,62833
SC - Dillon County,28284
SC - Dorchester County,161975
SC - Edgefield County,25675
SC - Fairfield County,20858
SC - Florence County,136805
SC - Georgetown County,63440
SC - Greenville County,526980
SC - Greenwood County,69380
SC - Hampton County,18512
SC - Horry County,353498
SC - Jasper County,29073
SC - Kershaw County,65536
SC - Lancaster County,96652
SC - Laurens County,67551
SC - Lee County,16458
SC - Lexington County,294891
SC - McCormick County,9513
SC - Marion County,29043
SC - Marlboro County,26537
SC - Newberry County,37715
SC - Oconee County,78638
SC - Orangeburg County,83958
SC - Pickens County,131602
SC - Richland County,416527
SC - Saluda County,18830
SC - Spartanburg County,329364
SC - Sumter County,105417
SC - Union County,27148
SC - Williamsburg County,30902
SC - York County,283899
SD - Aurora County,2733
SD - Beadle County,19146
SD - Bennett County,3386
SD - Bon Homme County,6979
SD - Brookings County,34339
SD - Brown County,38210
SD - Brule County,5263
SD - Buffalo County,1944
SD - Butte County,10249
SD - Campbell County,1374
SD - Charles Mix County,9351
SD - Clark County,3850
SD - Clay County,14998
SD - Codington County,28309
SD - Corson County,3893
SD - Custer County,8328
SD - Davison County,19936
SD - Day County,5425
SD - Deuel County,4299
SD - Dewey County,5226
SD - Douglas County,2824
SD - Edmunds County,3977
SD - Fall River County,6964
SD - Faulk County,2128
SD - Grant County,7532
SD - Gregory County,3994
SD - Haakon County,1869
SD - Hamlin County,6167
SD - Hand County,3130
SD - Hanson County,3461
SD - Harding County,1317
SD - Hughes County,17704
SD - Hutchinson County,7411
SD - Hyde County,1258
SD - Jackson County,2810
SD - Jerauld County,1657
SD - Jones County,925
SD - Kingsbury County,5211
SD - Lake County,11010
SD - Lawrence County,25812
SD - Lincoln County,65613
SD - Lyman County,3714
SD - McCook County,5661
SD - McPherson County,2397
SD - Marshall County,4300
SD - Meade County,29853
SD - Mellette County,1916
SD - Miner County,2294
SD - Minnehaha County,197511
SD - Moody County,6324
SD - Oglala Lakota County,13672
SD - Pennington County,109475
SD - Perkins County,2824
SD - Potter County,2471
SD - Roberts County,10257
SD - Sanborn County,2318
SD - Spink County,6338
SD - Stanley County,2976
SD - Sully County,1446
SD - Todd County,9319
SD - Tripp County,5601
SD - Turner County,8673
SD - Union County,16832
SD - Walworth County,5289
SD - Yankton County,23238
SD - Ziebach County,2388
TN - Anderson County,77209
TN - Bedford County,50302
TN - Benton County,15812
TN - Bledsoe County,14930
TN - Blount County,135566
TN - Bradley County,108741
TN - Campbell County,39277
TN - Cannon County,14547
TN - Carroll County,28415
TN - Carter County,56315
TN - Cheatham County,41087
TN - Chester County,17347
TN - Claiborne County,32038
TN - Clay County,7554
TN - Cocke County,36022
TN - Coffee County,58102
TN - Crockett County,13884
TN - Cumberland County,61272
TN - Davidson County,715486
TN - Decatur County,11402
TN - DeKalb County,20171
TN - Dickson County,54432
TN - Dyer County,36646
TN - Fayette County,42139
TN - Fentress County,18522
TN - Franklin County,42781
TN - Gibson County,50375
TN - Giles County,30295
TN - Grainger County,23525
TN - Greene County,70220
TN - Grundy County,13531
TN - Hamblen County,64435
TN - Hamilton County,366991
TN - Hancock County,6622
TN - Hardeman County,25410
TN - Hardin County,26800
TN - Hawkins County,56669
TN - Haywood County,17795
TN - Henderson County,27818
TN - Henry County,32115
TN - Hickman County,24942
TN - Houston County,8285
TN - Humphreys County,18974
TN - Jackson County,11617
TN - Jefferson County,54870
TN - Johnson County,17966
TN - Knox County,480126
TN - Lake County,6980
TN - Lauderdale County,25100
TN - Lawrence County,44189
TN - Lewis County,12602
TN - Lincoln County,35309
TN - Loudon County,55097
TN - McMinn County,53315
TN - McNairy County,25839
TN - Macon County,25243
TN - Madison County,98777
TN - Marion County,28834
TN - Marshall County,34441
TN - Maury County,101700
TN - Meigs County,12785
TN - Monroe County,46384
TN - Montgomery County,221160
TN - Moore County,6457
TN - Morgan County,21020
TN - Obion County,30716
TN - Overton County,22588
TN - Perry County,8360
TN - Pickett County,4995
TN - Polk County,17569
TN - Putnam County,79982
TN - Rhea County,32903
TN - Roane County,53513
TN - Robertson County,72860
TN - Rutherford County,343128
TN - Scott County,21842
TN - Sequatchie County,15863
TN - Sevier County,98497
TN - Shelby County,928644
TN - Smith County,19939
TN - Stewart County,13683
TN - Sullivan County,158092
TN - Sumner County,197272
TN - Tipton County,60961
TN - Trousdale County,11661
TN - Unicoi County,17867
TN - Union County,19820
TN - Van Buren County,6171
TN - Warren County,41023
TN - Washington County,133080
TN - Wayne County,16202
TN - Weakley County,32864
TN - White County,27424
TN - Williamson County,249424
TN - Wilson County,148564
TX - Anderson County,57881
TX - Andrews County,18612
TX - Angelina County,86345
TX - Aransas County,23916
TX - Archer County,8557
TX - Armstrong County,1847
TX - Atascosa County,49089
TX - Austin County,30109
TX - Bailey County,6859
TX - Bandera County,20987
TX - Bastrop County,97983
TX - Baylor County,3464
TX - Bee County,30990
TX - Bell County,371981
TX - Bexar County,2014052
TX - Blanco County,11454
TX - Borden County,641
TX - Bosque County,18239
TX - Bowie County,92792
TX - Brazoria County,373368
TX - Brazos County,234480
TX - Brewster County,9566
TX - Briscoe County,1421
TX - Brooks County,7030
TX - Brown County,38002
TX - Burleson County,17644
TX - Burnet County,49427
TX - Caldwell County,45967
TX - Calhoun County,20047
TX - Callahan County,13750
TX - Cameron County,421191
TX - Camp County,12450
TX - Carson County,5808
TX - Cass County,28399
TX - Castro County,7337
TX - Chambers County,47051
TX - Cherokee County,50477
TX - Childress County,6648
TX - Clay County,10245
TX - Cochran County,2559
TX - Coke County,3288
TX - Coleman County,7671
TX - Collin County,1073149
TX - Collingsworth County,2635
TX - Colorado County,20566
TX - Comal County,163573
TX - Comanche County,13600
TX - Concho County,3319
TX - Cooke County,41697
TX - Coryell County,83096
TX - Cottle County,1374
TX - Crane County,4668
TX - Crockett County,3111
TX - Crosby County,5098
TX - Culberson County,2193
TX - Dallam County,7116
TX - Dallas County,2610957
TX - Dawson County,12439
TX - Deaf Smith County,18503
TX - Delta County,5233
TX - Denton County,913900
TX - DeWitt County,19809
TX - Dickens County,1760
TX - Dimmit County,8563
TX - Donley County,3269
TX - Duval County,9808
TX - Eastland County,17754
TX - Ector County,165467
TX - Edwards County,1414
TX - Ellis County,194272
TX - El Paso County,866093
TX - Erath County,42715
TX - Falls County,16961
TX - Fannin County,35732
TX - Fayette County,24452
TX - Fisher County,3677
TX - Floyd County,5378
TX - Foard County,1086
TX - Fort Bend County,828632
TX - Franklin County,10366
TX - Freestone County,19445
TX - Frio County,18366
TX - Gaines County,21701
TX - Galveston County,351458
TX - Garza County,5794
TX - Gillespie County,26732
TX - Glasscock County,1114
TX - Goliad County,7005
TX - Gonzales County,19653
TX - Gray County,21179
TX - Grayson County,136014
TX - Gregg County,124175
TX - Grimes County,29414
TX - Guadalupe County,173541
TX - Hale County,32439
TX - Hall County,2801
TX - Hamilton County,8230
TX - Hansford County,5255
TX - Hardeman County,3559
TX - Hardin County,56277
TX - Harris County,4732491
TX - Harrison County,68778
TX - Hartley County,5362
TX - Haskell County,5424
TX - Hays County,243809
TX - Hemphill County,3368
TX - Henderson County,82348
TX - Hidalgo County,872204
TX - Hill County,35965
TX - Hockley County,21490
TX - Hood County,61953
TX - Hopkins County,36795
TX - Houston County,22068
TX - Howard County,34797
TX - Hudspeth County,3196
TX - Hunt County,100231
TX - Hutchinson County,20539
TX - Irion County,1522
TX - Jack County,8492
TX - Jackson County,15000
TX - Jasper County,32900
TX - Jeff Davis County,1978
TX - Jefferson County,255979
TX - Jim Hogg County,4839
TX - Jim Wells County,38813
TX - Johnson County,180733
TX - Jones County,19676
TX - Karnes County,14721
TX - Kaufman County,146986
TX - Kendall County,44527
TX - Kenedy County,346
TX - Kent County,759
TX - Kerr County,52676
TX - Kimble County,4289
TX - King County,270
TX - Kinney County,3127
TX - Kleberg County,30958
TX - Knox County,3361
TX - Lamar County,50077
TX - Lamb County,12984
TX - Lampasas County,21707
TX - La Salle County,6642
TX - Lavaca County,20338
TX - Lee County,17499
TX - Leon County,15727
TX - Liberty County,92351
TX - Limestone County,22103
TX - Lipscomb County,3042
TX - Live Oak County,11343
TX - Llano County,21249
TX - Loving County,67
TX - Lubbock County,311419
TX - Lynn County,5606
TX - McCulloch County,7567
TX - McLennan County,261023
TX - McMullen County,599
TX - Madison County,13445
TX - Marion County,9752
TX - Martin County,5250
TX - Mason County,3964
TX - Matagorda County,36269
TX - Maverick County,57844
TX - Medina County,50920
TX - Menard County,1971
TX - Midland County,170221
TX - Milam County,24724
TX - Mills County,4439
TX - Mitchell County,8985
TX - Montague County,19969
TX - Montgomery County,624938
TX - Moore County,21273
TX - Morris County,11963
TX - Motley County,1052
TX - Nacogdoches County,64624
TX - Navarro County,52784
TX - Newton County,12163
TX - Nolan County,14721
TX - Nueces County,353090
TX - Ochiltree County,9960
TX - Oldham County,1761
TX - Orange County,84702
TX - Palo Pinto County,28427
TX - Panola County,22513
TX - Parker County,149432
TX - Parmer County,9851
TX - Pecos County,15165
TX - Polk County,50505
TX - Potter County,118173
TX - Presidio County,6102
TX - Rains County,12199
TX - Randall County,141231
TX - Reagan County,3376
TX - Real County,2743
TX - Red River County,11550
TX - Reeves County,14730
TX - Refugio County,6747
TX - Roberts County,823
TX - Robertson County,16740
TX - Rockwall County,109090
TX - Runnels County,9921
TX - Rusk County,52225
TX - Sabine County,9881
TX - San Augustine County,7919
TX - San Jacinto County,27483
TX - San Patricio County,68772
TX - San Saba County,5730
TX - Schleicher County,2442
TX - Scurry County,16931
TX - Shackelford County,3122
TX - Shelby County,23926
TX - Sherman County,2780
TX - Smith County,234063
TX - Somervell County,9214
TX - Starr County,65835
TX - Stephens County,9079
TX - Sterling County,1383
TX - Stonewall County,1245
TX - Sutton County,3362
TX - Swisher County,6957
TX - Tarrant County,2114709
TX - Taylor County,143383
TX - Terrell County,744
TX - Terry County,11792
TX - Throckmorton County,1443
TX - Titus County,31264
TX - Tom Green County,120105
TX - Travis County,1296100
TX - Trinity County,13623
TX - Tyler County,19797
TX - Upshur County,40975
TX - Upton County,3296
TX - Uvalde County,24540
TX - Val Verde County,47582
TX - Van Zandt County,59690
TX - Victoria County,91236
TX - Walker County,76543
TX - Waller County,57349
TX - Ward County,11656
TX - Washington County,35837
TX - Webb County,267234
TX - Wharton County,41550
TX - Wheeler County,4980
TX - Wichita County,129546
TX - Wilbarger County,12846
TX - Willacy County,20129
TX - Williamson County,615266
TX - Wilson County,49994
TX - Winkler County,7749
TX - Wise County,68866
TX - Wood County,45010
TX - Yoakum County,7669
TX - Young County,17839
TX - Zapata County,13884
TX - Zavala County,9652
UT - Beaver County,7076
UT - Box Elder County,57908
UT - Cache County,133527
UT - Carbon County,20465
UT - Daggett County,952
UT - Davis County,363492
UT - Duchesne County,19581
UT - Emery County,9837
UT - Garfield County,5090
UT - Grand County,9681
UT - Iron County,57640
UT - Juab County,11824
UT - Kane County,7673
UT - Millard County,13015
UT - Morgan County,12392
UT - Piute County,1437
UT - Rich County,2504
UT - Salt Lake County,1186236
UT - San Juan County,14525
UT - Sanpete County,28508
UT - Sevier County,21546
UT - Summit County,42452
UT - Tooele County,73281
UT - Uintah County,35618
UT - Utah County,663143
UT - Wasatch County,35032
UT - Washington County,181924
UT - Wayne County,2497
UT - Weber County,262828
VT - Addison County,37292
VT - Bennington County,37271
VT - Caledonia County,30184
VT - Chittenden County,168289
VT - Essex County,5910
VT - Franklin County,49996
VT - Grand Isle County,7278
VT - Lamoille County,25914
VT - Orange County,29259
VT - Orleans County,27355
VT - Rutland County,60455
VT - Washington County,59748
VT - Windham County,45844
VT - Windsor County,57700
VA - Accomack County,33348
VA - Albemarle County,112496
VA - Alleghany County,15161
VA - Amelia County,13246
VA - Amherst County,31262
VA - Appomattox County,16133
VA - Arlington County,238766
VA - Augusta County,77512
VA - Bath County,4196
VA - Bedford County,79504
VA - Bland County,6247
VA - Botetourt County,33614
VA - Brunswick County,15806
VA - Buchanan County,20216
VA - Buckingham County,16820
VA - Campbell County,55638
VA - Caroline County,30905
VA - Carroll County,29130
VA - Charles City County,6733
VA - Charlotte County,11506
VA - Chesterfield County,365566
VA - Clarke County,14788
VA - Craig County,4880
VA - Culpeper County,52717
VA - Cumberland County,9656
VA - Dickenson County,14045
VA - Dinwiddie County,27900
VA - Essex County,10591
VA - Fairfax County,1148472
VA - Fauquier County,72938
VA - Floyd County,15474
VA - Fluvanna County,27280
VA - Franklin County,54469
VA - Frederick County,91766
VA - Giles County,16754
VA - Gloucester County,38688
VA - Goochland County,24828
VA - Grayson County,15300
VA - Greene County,20591
VA - Greensville County,11393
VA - Halifax County,33901
VA - Hanover County,110102
VA - Henrico County,334298
VA - Henry County,50782
VA - Highland County,2236
VA - Isle of Wight County,38658
VA - James City County,78412
VA - King and Queen County,6590
VA - King George County,26806
VA - King William County,17905
VA - Lancaster County,10910
VA - Lee County,22084
VA - Loudoun County,422597
VA - Louisa County,37757
VA - Lunenburg County,11930
VA - Madison County,13837
VA - Mathews County,8524
VA - Mecklenburg County,30287
VA - Middlesex County,10623
VA - Montgomery County,99508
VA - Nelson County,14732
VA - New Kent County,23086
VA - Northampton County,12232
VA - Northumberland County,11839
VA - Nottoway County,15614
VA - Orange County,36396
VA - Page County,23693
VA - Patrick County,17560
VA - Pittsylvania County,60312
VA - Powhatan County,30433
VA - Prince Edward County,21853
VA - Prince George County,43023
VA - Prince William County,482738
VA - Pulaski County,33760
VA - Rappahannock County,7312
VA - Richmond County,8920
VA - Roanoke County,96845
VA - Rockbridge County,22610
VA - Rockingham County,83758
VA - Russell County,25726
VA - Scott County,21547
VA - Shenandoah County,44255
VA - Smyth County,29730
VA - Southampton County,17949
VA - Spotsylvania County,140475
VA - Stafford County,157604
VA - Surry County,6546
VA - Sussex County,10768
VA - Tazewell County,40343
VA - Warren County,40782
VA - Washington County,53839
VA - Westmoreland County,18496
VA - Wise County,36018
VA - Wythe County,28274
VA - York County,70154
VA - Alexandria city,159097
VA - Bristol city,17259
VA - Buena Vista city,6620
VA - Charlottesville city,46423
VA - Chesapeake city,249679
VA - Colonial Heights city,18191
VA - Covington city,5721
VA - Danville city,42465
VA - Emporia city,5716
VA - Fairfax city,24129
VA - Falls Church city,14654
VA - Franklin city,8171
VA - Fredericksburg city,27995
VA - Galax city,6691
VA - Hampton city,137131
VA - Harrisonburg city,51675
VA - Hopewell city,22967
VA - Lexington city,7313
VA - Lynchburg city,78871
VA - Manassas city,42728
VA - Manassas Park city,17140
VA - Martinsville city,13422
VA - Newport News city,185916
VA - Norfolk city,237591
VA - Norton city,3679
VA - Petersburg city,33428
VA - Poquoson city,12455
VA - Portsmouth city,98015
VA - Radford city,16089
VA - Richmond city,226670
VA - Roanoke city,99875
VA - Salem city,25374
VA - Staunton city,25800
VA - Suffolk city,94685
VA - Virginia Beach city,459373
VA - Waynesboro city,22279
VA - Williamsburg city,15445
VA - Winchester city,28008
WA - Adams County,20605
WA - Asotin County,22290
WA - Benton County,207230
WA - Chelan County,79185
WA - Clallam County,77280
WA - Clark County,505013
WA - Columbia County,3949
WA - Cowlitz County,110924
WA - Douglas County,42998
WA - Ferry County,7178
WA - Franklin County,97076
WA - Garfield County,2292
WA - Grant County,99365
WA - Grays Harbor County,75811
WA - Island County,86948
WA - Jefferson County,33048
WA - King County,2272571
WA - Kitsap County,275660
WA - Kittitas County,44589
WA - Klickitat County,22783
WA - Lewis County,82474
WA - Lincoln County,10920
WA - Mason County,66028
WA - Okanogan County,42118
WA - Pacific County,23470
WA - Pend Oreille County,13482
WA - Pierce County,922828
WA - San Juan County,17818
WA - Skagit County,129852
WA - Skamania County,12034
WA - Snohomish County,829331
WA - Spokane County,540700
WA - Stevens County,46566
WA - Thurston County,295729
WA - Wahkiakum County,4443
WA - Walla Walla County,62574
WA - Whatcom County,227304
WA - Whitman County,47786
WA - Yakima County,256533
WV - Barbour County,15440
WV - Berkeley County,122654
WV - Boone County,21714
WV - Braxton County,12386
WV - Brooke County,22469
WV - Cabell County,94137
WV - Calhoun County,6199
WV - Clay County,8006
WV - Doddridge County,7786
WV - Fayette County,40358
WV - Gilmer County,7378
WV - Grant County,10954
WV - Greenbrier County,32866
WV - Hampshire County,23067
WV - Hancock County,29019
WV - Hardy County,14240
WV - Harrison County,65771
WV - Jackson County,27735
WV - Jefferson County,57732
WV - Kanawha County,180048
WV - Lewis County,17009
WV - Lincoln County,20337
WV - Logan County,32473
WV - McDowell County,18916
WV - Marion County,56157
WV - Marshall County,30444
WV - Mason County,25356
WV - Mercer County,59462
WV - Mineral County,26877
WV - Mingo County,23455
WV - Monongalia County,105916
WV - Monroe County,12330
WV - Morgan County,17037
WV - Nicholas County,24523
WV - Ohio County,42264
WV - Pendleton County,6134
WV - Pleasants County,7649
WV - Pocahontas County,7847
WV - Preston County,34176
WV - Putnam County,57399
WV - Raleigh County,74349
WV - Randolph County,27852
WV - Ritchie County,8424
WV - Roane County,13977
WV - Summers County,11915
WV - Taylor County,16701
WV - Tucker County,6752
WV - Tyler County,8279
WV - Upshur County,23783
WV - Wayne County,38830
WV - Webster County,8329
WV - Wetzel County,14382
WV - Wirt County,5183
WV - Wood County,83996
WV - Wyoming County,21326
WI - Adams County,20673
WI - Ashland County,15977
WI - Barron County,46643
WI - Bayfield County,16229
WI - Brown County,268741
WI - Buffalo County,13320
WI - Burnett County,16588
WI - Calumet County,52476
WI - Chippewa County,66279
WI - Clark County,34628
WI - Columbia County,58510
WI - Crawford County,16086
WI - Dane County,562306
WI - Dodge County,89262
WI - Door County,30102
WI - Douglas County,44275
WI - Dunn County,45440
WI - Eau Claire County,105818
WI - Florence County,4556
WI - Fond du Lac County,104076
WI - Forest County,9160
WI - Grant County,51934
WI - Green County,36992
WI - Green Lake County,18997
WI - Iowa County,23676
WI - Iron County,6128
WI - Jackson County,21102
WI - Jefferson County,84858
WI - Juneau County,26759
WI - Kenosha County,169073
WI - Kewaunee County,20539
WI - La Crosse County,120852
WI - Lafayette County,16605
WI - Langlade County,19438
WI - Lincoln County,28374
WI - Manitowoc County,81250
WI - Marathon County,137954
WI - Marinette County,41869
WI - Marquette County,15584
WI - Menominee County,4255
WI - Milwaukee County,938149
WI - Monroe County,46281
WI - Oconto County,39043
WI - Oneida County,37839
WI - Outagamie County,190832
WI - Ozaukee County,91569
WI - Pepin County,7335
WI - Pierce County,42191
WI - Polk County,45006
WI - Portage County,70378
WI - Price County,14015
WI - Racine County,197440
WI - Richland County,17274
WI - Rock County,163643
WI - Rusk County,14168
WI - St. Croix County,93797
WI - Sauk County,65718
WI - Sawyer County,18107
WI - Shawano County,40838
WI - Sheboygan County,117937
WI - Taylor County,19897
WI - Trempealeau County,30776
WI - Vernon County,30693
WI - Vilas County,23076
WI - Walworth County,106499
WI - Washburn County,16597
WI - Washington County,136732
WI - Waukesha County,407148
WI - Waupaca County,51713
WI - Waushara County,24511
WI - Winnebago County,171646
WI - Wood County,74091
WY - Albany County,37079
WY - Big Horn County,11467
WY - Campbell County,47116
WY - Carbon County,14499
WY - Converse County,13724
WY - Crook County,7178
WY - Fremont County,39177
WY - Goshen County,12503
WY - Hot Springs County,4622
WY - Johnson County,8459
WY - Laramie County,100690
WY - Lincoln County,19674
WY - Natrona County,80229
WY - Niobrara County,2439
WY - Park County,29656
WY - Platte County,8623
WY - Sheridan County,30996
WY - Sublette County,8723
WY - Sweetwater County,42158
WY - Teton County,23347
WY - Uinta County,20441
WY - Washakie County,7658
WY - Weston County,6809
